player,bucket,attempts,made,expected_made,kick_plus
Kris Brown,20-29,64,60,61.5,97.6
Kris Brown,30-39,84,67,71.8,93.3
Kris Brown,40-49,89,60,61.7,97.3
Kris Brown,50-59,29,15,15.5,96.8
Jay Feely,<20,2,2,1.9,105.3
Jay Feely,20-29,108,102,103.6,98.4
Jay Feely,30-39,138,119,118.4,100.5
Jay Feely,40-49,122,91,88.6,102.7
Jay Feely,50-59,30,17,17.2,98.8
Jason Elam,20-29,87,85,83.3,102.0
Jason Elam,30-39,68,60,57.9,103.7
Jason Elam,40-49,95,70,66.3,105.6
Jason Elam,50-59,24,14,13.0,107.8
Matt Stover,20-29,95,94,90.9,103.4
Matt Stover,30-39,74,68,63.3,107.5
Matt Stover,40-49,87,64,60.9,105.0
Todd Peterson,20-29,34,28,32.4,86.4
Todd Peterson,30-39,42,36,35.2,102.2
Todd Peterson,40-49,33,23,21.6,106.4
Todd Peterson,50-59,7,3,4.0,74.8
Mike Vanderjagt,20-29,55,52,52.5,99.1
Mike Vanderjagt,30-39,44,39,36.8,106.0
Mike Vanderjagt,40-49,59,43,39.3,109.4
Mike Vanderjagt,50-59,10,8,5.3,150.7
Brett Conway,20-29,11,11,10.5,105.1
Brett Conway,30-39,21,15,17.6,85.2
Brett Conway,40-49,18,12,11.3,105.9
Brett Conway,50-59,2,2,1.1,184.2
Wade Richey,20-29,15,13,14.2,91.5
Wade Richey,30-39,7,4,5.9,67.3
Wade Richey,40-49,7,3,4.2,71.7
Wade Richey,50-59,5,2,2.7,75.3
Rian Lindell,20-29,109,104,104.5,99.5
Rian Lindell,30-39,108,97,93.4,103.9
Rian Lindell,40-49,101,66,72.5,91.0
Rian Lindell,50-59,34,17,19.4,87.6
John Carney,20-29,73,71,70.0,101.4
John Carney,30-39,97,83,82.4,100.7
John Carney,40-49,71,51,48.8,104.5
John Carney,50-59,9,5,4.9,102.5
David Akers,<20,8,8,7.9,101.3
David Akers,20-29,120,118,115.1,102.5
David Akers,30-39,129,112,111.6,100.4
David Akers,40-49,133,91,96.5,94.3
David Akers,50-59,44,24,26.2,91.5
Paul Edinger,20-29,33,31,31.5,98.5
Paul Edinger,30-39,40,26,33.4,77.8
Paul Edinger,40-49,57,42,37.9,110.9
John Hall,<20,3,3,2.9,103.4
John Hall,20-29,34,34,32.4,105.1
John Hall,30-39,37,31,31.0,100.0
John Hall,40-49,41,27,27.4,98.4
John Hall,50-59,16,7,8.5,82.6
Ryan Longwell,20-29,77,75,73.9,101.5
Ryan Longwell,30-39,99,87,84.6,102.9
Ryan Longwell,40-49,93,65,65.1,99.9
Ryan Longwell,50-59,30,19,16.9,112.4
Jason Hanson,<20,5,5,4.9,102.0
Jason Hanson,20-29,73,72,69.9,103.0
Jason Hanson,30-39,92,85,79.1,107.5
Jason Hanson,40-49,106,80,76.4,104.7
Jason Hanson,50-59,53,35,29.9,116.9
Adam Vinatieri,<20,5,5,4.9,102.0
Adam Vinatieri,20-29,151,147,145.7,100.9
Adam Vinatieri,30-39,164,142,143.9,98.7
Adam Vinatieri,40-49,164,130,121.3,107.1
Adam Vinatieri,50-59,61,39,37.8,103.2
Martin Gramatica,20-29,36,33,34.3,96.2
Martin Gramatica,30-39,43,36,36.2,99.4
Martin Gramatica,40-49,42,22,28.6,76.8
Martin Gramatica,50-59,12,8,6.3,126.9
Jeff Wilkins,20-29,65,63,62.0,101.6
Jeff Wilkins,30-39,55,49,46.5,105.3
Jeff Wilkins,40-49,76,51,52.8,96.6
Jeff Wilkins,50-59,14,12,7.5,159.3
Morten Andersen,20-29,42,41,40.0,102.4
Morten Andersen,30-39,51,48,43.5,110.4
Morten Andersen,40-49,45,31,30.9,100.3
Morten Andersen,50-59,8,3,4.2,71.2
Sebastian Janikowski,20-29,111,108,106.8,101.1
Sebastian Janikowski,30-39,135,122,118.4,103.0
Sebastian Janikowski,40-49,157,121,115.2,105.1
Sebastian Janikowski,50-59,89,54,52.3,103.3
John Kasay,20-29,90,90,86.3,104.3
John Kasay,30-39,68,64,58.5,109.4
John Kasay,40-49,92,71,65.6,108.2
John Kasay,50-59,45,23,24.8,92.8
Joe Nedney,20-29,55,54,52.6,102.7
Joe Nedney,30-39,64,58,55.0,105.4
Joe Nedney,40-49,65,47,44.9,104.7
Joe Nedney,50-59,22,13,11.8,110.1
Mike Hollis,20-29,13,11,12.3,89.6
Mike Hollis,30-39,21,16,17.7,90.5
Mike Hollis,40-49,21,13,13.0,100.0
Mike Hollis,50-59,6,3,3.1,95.8
Neil Rackers,20-29,84,82,80.5,101.8
Neil Rackers,30-39,91,78,78.5,99.4
Neil Rackers,40-49,82,62,58.1,106.6
Neil Rackers,50-59,46,26,24.7,105.4
Phil Dawson,20-29,149,141,143.5,98.3
Phil Dawson,30-39,144,125,125.7,99.4
Phil Dawson,40-49,134,101,100.0,101.0
Jose Cortez,<20,2,1,1.8,55.6
Jose Cortez,20-29,26,22,24.6,89.5
Jose Cortez,30-39,21,18,17.7,101.6
Jose Cortez,40-49,24,11,15.5,71.0
Jose Cortez,50-59,1,1,0.5,184.2
Olindo Mare,<20,4,4,3.9,102.6
Olindo Mare,20-29,96,89,91.8,97.0
Olindo Mare,30-39,88,72,75.5,95.4
Olindo Mare,40-49,78,59,55.5,106.4
Jake Arians,20-29,6,6,5.7,105.5
Jake Arians,30-39,4,2,3.4,58.9
Jake Arians,40-49,11,4,6.6,60.8
Bill Gramatica,<20,1,1,0.9,111.1
Bill Gramatica,20-29,17,16,16.1,99.3
Bill Gramatica,30-39,9,8,7.5,106.2
Bill Gramatica,40-49,15,10,9.3,107.2
Bill Gramatica,50-59,6,2,3.1,64.0
Gary Anderson,20-29,25,24,23.8,100.9
Gary Anderson,30-39,25,23,20.7,110.9
Gary Anderson,40-49,41,28,27.7,101.2
Tim Seder,20-29,9,9,8.5,105.8
Tim Seder,30-39,8,5,6.7,74.1
Tim Seder,40-49,10,5,6.2,81.2
Tim Seder,50-59,2,0,1.1,0.0
Jon Hilbert,20-29,3,3,2.8,105.5
Jon Hilbert,30-39,7,6,5.9,101.2
Jon Hilbert,40-49,8,2,4.8,41.4
Steve Christie,20-29,26,26,24.8,104.8
Steve Christie,30-39,22,17,18.2,93.2
Steve Christie,40-49,25,13,16.9,77.0
Shayne Graham,20-29,94,90,90.2,99.7
Shayne Graham,40-49,89,69,64.6,106.8
Doug Brien,20-29,20,19,19.2,99.1
Doug Brien,30-39,25,21,20.7,101.6
Doug Brien,40-49,26,21,18.0,116.8
Cedric Oglesby,<20,1,1,0.9,111.1
Cedric Oglesby,20-29,2,2,1.9,105.5
Cedric Oglesby,30-39,2,1,1.7,58.9
Cedric Oglesby,40-49,1,1,0.6,167.3
Brad Daluiso,20-29,2,1,1.9,52.8
Brad Daluiso,30-39,1,1,0.8,117.8
Brad Daluiso,40-49,1,1,0.6,167.3
Owen Pochman,50-59,2,0,1.1,0.0
Jason Elam,<20,1,1,0.9,108.3
Ryan Longwell,<20,4,4,3.9,102.0
Matt Bryant,<20,7,7,6.8,102.2
Matt Bryant,20-29,125,120,120.6,99.5
Matt Bryant,30-39,140,125,123.1,101.6
Matt Bryant,40-49,130,105,97.9,107.2
Olindo Mare,50-59,33,15,17.7,84.6
Mike Vanderjagt,<20,2,2,1.9,104.0
Rian Lindell,<20,4,4,3.9,102.0
Phil Dawson,50-59,51,39,31.8,122.7
Paul Edinger,50-59,22,14,11.7,119.3
Steve Christie,50-59,10,6,5.5,109.0
Matt Stover,50-59,9,4,5.0,79.4
Kris Brown,<20,4,3,3.9,76.5
Gary Anderson,<20,1,1,0.9,108.3
Gary Anderson,50-59,2,1,1.1,89.3
Todd Peterson,<20,2,2,1.9,104.0
Jeff Reed,20-29,77,71,73.8,96.1
Jeff Reed,30-39,89,81,76.1,106.5
Jeff Reed,40-49,70,47,50.1,93.8
Jeff Reed,50-59,15,7,8.4,83.0
Billy Cundiff,20-29,64,64,61.6,103.9
Billy Cundiff,30-39,75,57,65.0,87.7
Billy Cundiff,40-49,68,49,50.2,97.7
Billy Cundiff,50-59,21,5,13.0,38.5
Neil Rackers,<20,4,4,3.8,104.0
Shayne Graham,<20,5,5,4.9,101.6
Shayne Graham,30-39,104,96,90.1,106.5
Shayne Graham,50-59,31,17,17.9,95.1
James Tuthill,20-29,3,3,2.8,106.2
James Tuthill,30-39,7,4,5.8,68.4
James Tuthill,40-49,5,2,3.2,62.2
James Tuthill,50-59,1,1,0.5,193.2
Jeff Chandler,<20,1,1,0.9,108.3
Jeff Chandler,20-29,11,11,10.5,104.3
Jeff Chandler,30-39,4,2,3.3,60.8
Jeff Chandler,40-49,9,5,5.9,84.6
Jeff Chandler,50-59,2,0,1.1,0.0
Hayden Epstein,20-29,3,3,2.8,106.2
Hayden Epstein,30-39,3,2,2.5,79.8
Hayden Epstein,40-49,2,0,1.3,0.0
Hayden Epstein,50-59,1,0,0.5,0.0
Danny Boyd,20-29,3,3,2.8,106.2
Danny Boyd,30-39,2,2,1.7,119.8
Richie Cunningham,20-29,1,1,0.9,106.2
Michael Husted,30-39,1,1,0.8,119.8
J.R. Jenkins,50-59,1,0,0.5,0.0
Paul Edinger,<20,1,1,1.0,100.0
Seth Marler,20-29,11,10,10.6,94.6
Seth Marler,30-39,8,4,6.6,60.5
Seth Marler,40-49,12,5,8.3,60.1
Seth Marler,50-59,2,1,1.0,97.4
Josh Brown,20-29,98,96,94.4,101.7
Josh Brown,30-39,106,96,93.0,103.2
Josh Brown,40-49,117,86,87.1,98.7
Josh Brown,50-59,55,37,31.3,118.0
Jay Feely,60+,2,1,0.4,266.7
Aaron Elling,20-29,8,8,7.7,104.0
Aaron Elling,30-39,9,6,7.4,80.8
Aaron Elling,40-49,7,4,4.9,82.4
Aaron Elling,50-59,4,1,2.0,48.9
Phil Dawson,<20,10,10,10.0,100.0
Steve Christie,<20,2,2,2.0,100.0
Brett Conway,<20,1,1,1.0,100.0
Owen Pochman,20-29,1,1,1.0,104.1
Owen Pochman,30-39,8,3,6.6,45.4
Owen Pochman,40-49,5,4,3.5,115.3
Tim Duncan,20-29,2,2,1.9,104.1
Tim Duncan,30-39,4,2,3.3,60.5
Tim Duncan,40-49,2,1,1.4,72.1
Tim Duncan,50-59,2,1,1.0,97.4
Craig Hentrich,30-39,2,2,1.7,121.0
Craig Hentrich,40-49,2,2,1.4,144.2
Craig Hentrich,50-59,4,1,2.3,43.1
Micah Knorr,20-29,1,1,1.0,104.1
Jeff Feagles,20-29,1,0,1.0,0.0
Jeff Reed,<20,6,6,6.0,100.0
Matt Stover,<20,4,4,4.0,100.0
Josh Scobee,20-29,66,64,63.6,100.7
Josh Scobee,30-39,80,71,69.8,101.7
Josh Scobee,40-49,109,76,81.7,93.0
Josh Scobee,50-59,39,26,23.8,109.1
Josh Scobee,60+,3,0,0.6,0.0
Doug Brien,50-59,2,1,1.2,83.0
Sebastian Janikowski,<20,6,6,6.0,100.0
Billy Cundiff,<20,4,4,4.0,100.0
Josh Brown,<20,4,4,4.0,100.0
Nate Kaeding,<20,5,5,5.0,100.0
Nate Kaeding,20-29,71,69,68.4,100.9
Nate Kaeding,30-39,51,48,44.4,108.2
Nate Kaeding,40-49,66,49,48.7,100.7
Nate Kaeding,50-59,17,10,9.5,105.3
Lawrence Tynes,20-29,80,77,76.7,100.4
Lawrence Tynes,30-39,72,58,62.1,93.3
Lawrence Tynes,40-49,56,40,41.5,96.3
Lawrence Tynes,50-59,20,11,11.3,97.7
John Kasay,60+,3,0,0.5,0.0
Morten Andersen,<20,1,1,1.0,100.0
Ola Kimrin,20-29,3,3,2.9,103.7
Ola Kimrin,30-39,3,2,2.4,81.9
Ola Kimrin,40-49,3,1,2.2,46.3
Ola Kimrin,50-59,1,0,0.6,0.0
Jay Taylor,30-39,3,2,2.4,81.9
Jay Taylor,40-49,1,1,0.7,138.9
Jay Taylor,50-59,1,1,0.6,166.0
Todd Sauerbrun,30-39,1,1,0.8,122.9
Wes Welker,20-29,1,1,1.0,103.7
John Kasay,<20,5,5,5.0,100.0
Lawrence Tynes,<20,4,4,4.0,100.0
John Carney,<20,4,4,4.0,100.0
Sebastian Janikowski,60+,9,2,1.5,130.2
Rob Bironas,20-29,74,71,71.1,99.8
Rob Bironas,30-39,80,74,70.4,105.1
Rob Bironas,40-49,91,70,68.3,102.5
Rob Bironas,50-59,25,19,14.8,128.1
Mike Nugent,20-29,86,84,82.9,101.3
Mike Nugent,30-39,101,84,90.0,93.3
Mike Nugent,40-49,105,79,80.2,98.5
Mike Nugent,50-59,30,13,17.5,74.4
Robbie Gould,20-29,138,136,133.9,101.6
Robbie Gould,30-39,153,139,136.9,101.5
Robbie Gould,40-49,173,134,132.0,101.5
Matt Bryant,50-59,61,39,37.8,103.1
David Akers,60+,2,1,0.4,266.7
Nick Novak,<20,5,5,5.0,100.0
Nick Novak,20-29,58,58,56.3,103.1
Nick Novak,30-39,71,59,63.4,93.0
Nick Novak,40-49,57,43,44.2,97.4
Todd France,20-29,4,4,3.8,105.0
Todd France,30-39,1,1,0.9,117.3
Todd France,40-49,4,2,2.9,70.0
Shaun Suisham,20-29,73,70,70.5,99.2
Shaun Suisham,40-49,87,72,66.1,108.9
Michael Koenen,50-59,7,2,3.3,60.1
Dave Rayner,50-59,11,5,6.2,80.9
Jeff Wilkins,<20,1,1,1.0,100.0
Joe Nedney,<20,3,3,3.0,100.0
Dave Rayner,20-29,25,23,23.9,96.1
Dave Rayner,30-39,26,19,22.9,82.9
Dave Rayner,40-49,28,18,20.6,87.3
Shayne Graham,60+,1,0,0.5,0.0
Rob Bironas,60+,4,1,1.1,94.4
Mike Nugent,<20,5,5,5.0,100.0
Stephen Gostkowski,20-29,130,125,126.1,99.1
Stephen Gostkowski,30-39,144,131,128.7,101.8
Stephen Gostkowski,40-49,134,101,103.6,97.5
Stephen Gostkowski,50-59,41,30,26.3,114.0
Matt Bryant,60+,1,1,0.5,200.0
Shaun Suisham,30-39,71,60,62.8,95.6
Shaun Suisham,50-59,11,4,6.6,60.8
Michael Koenen,20-29,1,1,1.0,104.7
Michael Koenen,30-39,4,1,3.4,29.2
Michael Koenen,40-49,1,0,0.7,0.0
Mason Crosby,<20,10,10,10.0,100.0
Mason Crosby,20-29,116,114,112.8,101.1
Mason Crosby,30-39,152,133,137.3,96.9
Mason Crosby,40-49,134,99,102.8,96.3
Mason Crosby,50-59,79,44,49.9,88.2
Robbie Gould,50-59,50,36,32.0,112.5
Nick Folk,20-29,130,123,126.1,97.5
Nick Folk,30-39,138,129,125.1,103.1
Nick Folk,40-49,157,121,122.0,99.2
Nick Folk,50-59,76,54,49.3,109.6
Matt Prater,20-29,114,111,111.2,99.8
Matt Prater,40-49,141,102,109.3,93.3
Justin Medlock,20-29,3,3,2.9,104.2
Justin Medlock,30-39,4,3,3.6,83.8
Matt Prater,30-39,137,125,124.2,100.6
Matt Prater,50-59,105,79,68.9,114.6
Dan Carpenter,20-29,71,70,68.8,101.8
Dan Carpenter,30-39,69,65,61.6,105.5
Dan Carpenter,40-49,98,75,74.9,100.2
Dan Carpenter,50-59,39,23,24.6,93.4
Garrett Hartley,20-29,29,26,28.0,92.7
Garrett Hartley,30-39,35,27,30.9,87.4
Garrett Hartley,40-49,28,22,22.1,99.7
Connor Barth,20-29,51,50,49.4,101.2
Connor Barth,30-39,51,46,45.6,100.9
Connor Barth,40-49,68,51,51.9,98.2
Connor Barth,50-59,30,18,18.7,96.2
Nick Novak,50-59,31,17,20.0,85.2
Taylor Mehlhaff,20-29,1,1,1.0,101.9
Taylor Mehlhaff,30-39,2,1,1.8,56.1
Taylor Mehlhaff,40-49,1,1,0.7,134.2
Steven Hauschka,50-59,42,28,27.7,101.3
Ryan Succop,20-29,94,91,91.4,99.5
Ryan Succop,30-39,110,101,99.2,101.8
Ryan Succop,40-49,132,102,102.7,99.3
Ryan Succop,50-59,47,23,30.2,76.1
Nick Folk,<20,4,4,4.0,100.0
Steven Hauschka,20-29,73,68,71.0,95.8
Steven Hauschka,30-39,94,90,84.3,106.8
Steven Hauschka,40-49,95,75,73.3,102.4
Garrett Hartley,<20,4,4,4.0,100.0
Garrett Hartley,50-59,8,6,4.9,123.6
Graham Gano,20-29,89,86,86.4,99.5
Graham Gano,40-49,134,110,104.2,105.5
Ricky Schmitt,20-29,1,0,1.0,0.0
Ricky Schmitt,30-39,2,2,1.7,119.6
Shane Andrus,40-49,2,0,1.5,0.0
Dan Carpenter,<20,2,2,2.0,100.0
Dan Carpenter,60+,2,1,0.3,300.0
Nick Folk,60+,2,0,0.3,0.0
Graham Gano,<20,2,2,2.0,100.0
Graham Gano,30-39,116,98,105.6,92.8
Graham Gano,50-59,65,45,43.1,104.4
David Buehler,20-29,8,8,7.6,105.1
David Buehler,30-39,7,4,6.2,64.4
David Buehler,40-49,11,8,8.1,99.3
David Buehler,50-59,6,4,3.4,117.2
Robbie Gould,<20,2,2,2.0,100.0
Phil Dawson,60+,3,0,0.5,0.0
Josh Scobee,<20,4,4,4.0,100.0
Rian Lindell,60+,1,0,0.2,0.0
Shaun Suisham,<20,3,3,3.0,100.0
Clint Stitser,20-29,5,4,4.8,84.0
Clint Stitser,30-39,2,2,1.8,112.7
Clint Stitser,40-49,1,1,0.7,136.5
Shane Andrus,20-29,1,1,1.0,105.1
Shane Andrus,30-39,2,1,1.8,56.4
Aaron Pettrey,<20,1,1,1.0,100.0
Aaron Pettrey,20-29,2,1,1.9,52.5
Aaron Pettrey,40-49,1,0,0.7,0.0
Dan Bailey,<20,5,5,5.0,100.0
Dan Bailey,20-29,66,63,64.2,98.1
Dan Bailey,30-39,87,83,78.9,105.2
Dan Bailey,40-49,82,65,63.7,102.1
Dan Bailey,50-59,50,33,32.4,101.9
Stephen Gostkowski,<20,3,3,3.0,100.0
Steven Hauschka,<20,3,3,3.0,100.0
Steven Hauschka,60+,3,0,0.9,0.0
Ryan Succop,<20,3,3,3.0,100.0
Alex Henery,20-29,27,26,26.1,99.6
Alex Henery,30-39,28,24,24.8,96.9
Alex Henery,40-49,28,22,22.4,98.1
Alex Henery,50-59,6,3,3.9,77.5
Alex Henery,60+,2,0,0.5,0.0
Lawrence Tynes,60+,1,0,0.1,0.0
Mike Scifres,40-49,1,1,0.7,135.1
Brandon Coutu,40-49,1,0,0.7,0.0
Blair Walsh,20-29,38,37,37.0,100.1
Blair Walsh,30-39,62,53,56.0,94.6
Blair Walsh,40-49,49,37,38.8,95.5
Blair Walsh,50-59,34,24,21.9,109.5
Justin Tucker,20-29,111,111,108.4,102.4
Justin Tucker,30-39,125,122,114.5,106.6
Justin Tucker,40-49,136,120,106.5,112.7
Justin Tucker,50-59,87,62,58.0,106.8
Matt Prater,<20,5,5,5.0,100.0
Greg Zuerlein,<20,5,5,5.0,100.0
Greg Zuerlein,20-29,76,75,74.3,101.0
Greg Zuerlein,30-39,132,121,121.1,99.9
Greg Zuerlein,40-49,111,88,87.1,101.0
Greg Zuerlein,50-59,78,46,51.1,90.0
Greg Zuerlein,60+,9,3,2.5,119.4
Kai Forbath,20-29,40,38,39.0,97.5
Kai Forbath,30-39,45,40,40.2,99.6
Kai Forbath,40-49,50,43,39.1,110.0
Kai Forbath,50-59,19,12,12.8,93.6
Billy Cundiff,60+,2,0,0.4,0.0
Justin Medlock,40-49,4,2,3.2,62.4
Justin Medlock,50-59,1,0,0.6,0.0
Justin Tucker,60+,9,2,2.9,68.1
Randy Bullock,<20,2,2,2.0,100.0
Randy Bullock,20-29,55,54,53.8,100.4
Randy Bullock,30-39,79,73,72.3,101.0
Randy Bullock,40-49,94,72,73.5,98.0
Randy Bullock,50-59,29,15,19.0,78.7
Caleb Sturgis,<20,2,2,2.0,100.0
Caleb Sturgis,20-29,36,36,35.1,102.7
Caleb Sturgis,30-39,45,40,41.1,97.2
Caleb Sturgis,40-49,42,29,33.2,87.4
Caleb Sturgis,50-59,25,13,16.1,80.9
Robbie Gould,60+,1,0,0.3,0.0
Matt Prater,60+,5,3,2.2,135.0
John Potter,20-29,2,2,2.0,102.5
John Potter,40-49,1,1,0.8,120.5
John Potter,50-59,1,0,0.7,0.0
Cody Parkey,20-29,34,34,33.1,102.6
Cody Parkey,30-39,47,40,42.7,93.7
Cody Parkey,40-49,52,39,40.7,95.9
Cody Parkey,50-59,10,8,6.4,125.1
Graham Gano,60+,2,1,0.4,250.0
Blair Walsh,<20,3,3,3.0,100.0
Chandler Catanzaro,20-29,33,32,32.2,99.4
Chandler Catanzaro,30-39,44,40,40.3,99.1
Chandler Catanzaro,40-49,46,34,35.9,94.6
Chandler Catanzaro,50-59,15,9,9.5,95.1
Cairo Santos,<20,2,2,2.0,100.0
Cairo Santos,20-29,70,68,68.4,99.5
Cairo Santos,30-39,93,87,86.1,101.1
Cairo Santos,40-49,97,76,76.3,99.5
Cairo Santos,50-59,48,33,32.7,101.1
Patrick Murray,20-29,8,7,7.8,89.5
Patrick Murray,30-39,17,16,15.0,106.8
Patrick Murray,40-49,12,10,9.4,106.6
Patrick Murray,50-59,12,7,7.9,88.5
Connor Barth,<20,3,3,3.0,100.0
Brandon McManus,20-29,85,81,83.1,97.5
Brandon McManus,30-39,92,87,84.7,102.7
Brandon McManus,40-49,95,78,74.2,105.1
Brandon McManus,50-59,80,50,53.4,93.6
Nate Freese,20-29,2,2,2.0,102.5
Nate Freese,30-39,1,1,0.9,111.0
Nate Freese,40-49,4,0,3.1,0.0
Cairo Santos,60+,2,0,0.6,0.0
Josh Lambo,20-29,29,29,28.4,102.2
Josh Lambo,30-39,51,50,46.5,107.6
Josh Lambo,40-49,44,33,33.5,98.5
Josh Lambo,50-59,22,16,14.1,113.8
Josh Lambo,60+,1,0,0.2,0.0
Chris Boswell,<20,2,2,2.0,100.0
Chris Boswell,20-29,77,77,75.4,102.2
Chris Boswell,30-39,87,78,80.0,97.5
Chris Boswell,40-49,112,90,87.7,102.6
Chris Boswell,50-59,60,51,41.5,122.9
Travis Coons,20-29,15,15,14.6,102.5
Travis Coons,30-39,13,12,12.0,100.1
Travis Coons,40-49,10,8,7.6,105.1
Travis Coons,50-59,2,0,1.3,0.0
Chandler Catanzaro,<20,3,3,3.0,100.0
Jason Myers,20-29,62,60,60.6,99.0
Jason Myers,30-39,107,99,99.4,99.6
Jason Myers,40-49,103,87,81.3,107.1
Jason Myers,50-59,70,50,46.7,107.0
Dustin Hopkins,20-29,66,64,64.5,99.2
Dustin Hopkins,30-39,75,70,69.6,100.6
Dustin Hopkins,40-49,98,78,76.1,102.5
Dustin Hopkins,50-59,45,27,29.8,90.6
Andrew Franks,<20,1,1,1.0,100.0
Andrew Franks,20-29,13,11,12.6,87.3
Andrew Franks,30-39,10,10,9.3,107.9
Andrew Franks,40-49,9,5,6.9,72.2
Andrew Franks,50-59,3,2,1.8,109.9
Andrew Franks,60+,1,0,0.2,0.0
Zach Hocker,20-29,3,3,2.9,102.6
Zach Hocker,30-39,6,5,5.6,88.5
Zach Hocker,40-49,3,1,2.3,44.0
Zach Hocker,50-59,2,1,1.3,74.8
Kyle Brindza,20-29,2,1,1.9,51.3
Kyle Brindza,30-39,3,2,2.8,70.8
Kyle Brindza,40-49,3,1,2.3,44.0
Kyle Brindza,50-59,4,2,2.7,74.8
Brandon McManus,60+,10,1,3.3,29.9
Wil Lutz,<20,3,3,3.0,100.0
Wil Lutz,20-29,66,65,64.5,100.7
Wil Lutz,30-39,90,83,83.5,99.4
Wil Lutz,40-49,89,74,69.2,106.9
Wil Lutz,50-59,43,28,28.7,97.6
Wil Lutz,60+,4,1,1.3,77.8
Jason Myers,60+,5,1,1.4,70.0
Roberto Aguayo,20-29,5,5,4.8,103.3
Roberto Aguayo,30-39,15,13,13.8,94.4
Roberto Aguayo,40-49,10,4,7.9,50.4
Roberto Aguayo,50-59,1,0,0.6,0.0
Chandler Catanzaro,60+,1,1,0.2,400.0
Harrison Butker,20-29,68,67,66.5,100.7
Harrison Butker,30-39,90,85,82.6,102.8
Harrison Butker,40-49,69,60,54.0,111.1
Harrison Butker,50-59,50,33,33.8,97.5
Stephen Gostkowski,60+,1,1,0.3,300.0
Adam Vinatieri,60+,1,0,0.3,0.0
Jake Elliott,20-29,56,54,54.9,98.4
Jake Elliott,30-39,76,69,70.3,98.1
Jake Elliott,40-49,74,62,58.1,106.8
Jake Elliott,50-59,49,29,33.5,86.6
Jake Elliott,60+,3,2,1.2,173.1
Ka'imi Fairbairn,20-29,65,62,63.6,97.5
Ka'imi Fairbairn,30-39,83,80,76.7,104.3
Ka'imi Fairbairn,40-49,73,61,57.8,105.6
Ka'imi Fairbairn,50-59,68,50,46.6,107.2
Aldrick Rosas,20-29,26,26,25.5,102.0
Aldrick Rosas,30-39,27,23,24.8,92.8
Aldrick Rosas,40-49,22,13,16.9,76.8
Aldrick Rosas,50-59,16,10,10.6,94.3
Giorgio Tavecchio,20-29,6,6,5.9,102.0
Giorgio Tavecchio,30-39,7,5,6.0,83.3
Giorgio Tavecchio,40-49,7,5,5.5,91.0
Giorgio Tavecchio,50-59,6,5,4.1,121.1
Zane Gonzalez,20-29,29,29,28.5,101.9
Zane Gonzalez,30-39,31,27,28.2,95.6
Zane Gonzalez,40-49,54,41,42.3,96.8
Zane Gonzalez,50-59,28,18,18.9,95.2
Dustin Hopkins,<20,2,2,2.0,100.0
Nick Rose,20-29,6,6,5.9,102.1
Nick Rose,30-39,4,3,3.4,87.5
Nick Rose,40-49,2,1,1.6,63.0
Nick Rose,50-59,2,1,1.4,70.5
Younghoe Koo,20-29,53,53,51.8,102.3
Younghoe Koo,40-49,64,49,50.1,97.9
Sam Ficken,20-29,10,9,9.7,92.6
Sam Ficken,30-39,16,14,14.7,95.3
Ka'imi Fairbairn,<20,1,1,1.0,100.0
Brett Maher,20-29,35,35,34.4,101.7
Brett Maher,30-39,34,29,31.6,91.8
Brett Maher,40-49,36,25,27.9,89.8
Brett Maher,50-59,30,18,20.0,90.1
Brett Maher,60+,4,4,1.6,252.4
Dustin Hopkins,60+,1,0,0.4,0.0
Daniel Carlson,20-29,73,72,71.3,101.0
Daniel Carlson,30-39,65,62,60.5,102.4
Daniel Carlson,40-49,70,54,54.5,99.1
Daniel Carlson,50-59,50,36,34.6,104.1
Jason Sanders,20-29,47,46,46.0,100.1
Jason Sanders,30-39,55,52,51.2,101.5
Jason Sanders,40-49,70,55,54.5,100.9
Jason Sanders,50-59,48,33,32.8,100.6
Greg Joseph,20-29,34,34,33.4,101.9
Greg Joseph,30-39,38,37,35.6,104.0
Greg Joseph,40-49,38,27,29.7,91.0
Greg Joseph,50-59,29,16,20.0,80.1
Mike Badgley,20-29,29,28,28.3,98.8
Mike Badgley,30-39,33,32,30.7,104.3
Mike Badgley,40-49,53,42,41.6,100.9
Mike Badgley,50-59,16,7,10.8,65.1
Matt McCrane,20-29,3,3,3.0,101.5
Matt McCrane,30-39,2,2,1.9,106.2
Matt McCrane,40-49,5,3,3.8,78.8
Matt McCrane,50-59,2,0,1.3,0.0
Sam Ficken,40-49,13,8,9.4,84.9
Johnny Hekker,20-29,1,1,1.0,101.5
Matt Gay,20-29,45,45,44.1,102.1
Matt Gay,30-39,62,57,57.8,98.7
Matt Gay,40-49,55,48,42.7,112.5
Matt Gay,50-59,52,32,35.5,90.2
Joey Slye,20-29,49,45,47.8,94.1
Joey Slye,30-39,49,47,45.7,102.9
Joey Slye,40-49,61,47,47.9,98.1
Joey Slye,50-59,47,33,31.7,104.2
Joey Slye,60+,8,2,2.8,71.9
Austin Seibert,20-29,16,16,15.6,102.5
Austin Seibert,30-39,27,27,25.1,107.8
Austin Seibert,40-49,32,25,24.2,103.3
Austin Seibert,50-59,11,4,7.5,53.3
Eddy Pineiro,<20,1,1,1.0,100.0
Eddy Pineiro,20-29,30,30,29.4,102.1
Eddy Pineiro,30-39,52,49,48.2,101.6
Eddy Pineiro,40-49,51,42,40.3,104.1
Eddy Pineiro,50-59,20,17,13.8,123.6
Sam Ficken,50-59,9,4,5.5,72.6
Younghoe Koo,30-39,57,53,53.0,100.0
Younghoe Koo,50-59,41,29,28.4,102.2
Chase McLaughlin,<20,1,1,1.0,100.0
Chase McLaughlin,20-29,41,41,40.1,102.2
Chase McLaughlin,30-39,45,42,42.0,100.0
Chase McLaughlin,40-49,48,31,37.6,82.4
Chase McLaughlin,50-59,49,42,34.1,123.3
Ty Long,30-39,3,2,2.7,73.0
Ty Long,40-49,5,4,3.6,112.1
Ty Long,50-59,1,1,0.6,170.7
Kaare Vedvik,40-49,1,0,0.7,0.0
Jason Sanders,<20,1,1,1.0,100.0
Rodrigo Blankenship,20-29,15,15,14.5,103.1
Rodrigo Blankenship,30-39,17,15,15.8,94.9
Rodrigo Blankenship,40-49,19,15,15.1,99.1
Rodrigo Blankenship,50-59,5,2,3.4,59.3
Tyler Bass,<20,1,1,1.0,100.0
Tyler Bass,20-29,39,38,38.2,99.6
Tyler Bass,30-39,50,43,46.7,92.1
Tyler Bass,40-49,42,33,33.2,99.4
Tyler Bass,50-59,21,15,14.4,103.8
Tyler Bass,60+,2,1,0.4,272.7
Harrison Butker,<20,4,4,4.0,100.0
Sam Sloman,20-29,3,2,2.9,69.3
Sam Sloman,30-39,6,6,5.6,107.5
Sam Sloman,40-49,3,2,2.4,82.7
Sam Sloman,50-59,1,0,0.7,0.0
Sergio Castillo,20-29,2,1,1.9,52.0
Sergio Castillo,30-39,4,3,3.7,80.7
Sergio Castillo,40-49,5,2,4.0,49.6
Sergio Castillo,50-59,2,2,1.3,150.5
Chase McLaughlin,60+,2,1,0.6,154.9
Matthew Wright,20-29,13,13,12.8,101.8
Matthew Wright,30-39,24,23,22.4,102.9
Matthew Wright,40-49,20,17,16.0,106.3
Tristan Vizcaino,30-39,5,5,4.6,107.7
Tristan Vizcaino,40-49,4,3,3.2,94.8
Jon Brown,30-39,2,1,1.9,53.8
Jamie Gillan,60+,1,0,0.1,0.0
Elliott Fry,20-29,1,1,1.0,104.0
Taylor Russolino,50-59,1,0,0.7,0.0
Evan McPherson,20-29,26,25,25.5,98.2
Evan McPherson,30-39,28,28,26.1,107.1
Evan McPherson,40-49,45,36,36.1,99.8
Evan McPherson,50-59,41,28,28.5,98.3
Matthew Wright,50-59,11,7,7.6,92.4
Ka'imi Fairbairn,60+,1,1,0.4,225.0
Matt Ammendola,20-29,10,10,9.8,101.5
Matt Ammendola,30-39,11,10,10.3,97.5
Matt Ammendola,40-49,8,3,6.3,47.8
Matt Ammendola,50-59,5,0,3.4,0.0
Riley Patterson,20-29,19,18,18.6,96.6
Riley Patterson,30-39,40,38,37.3,101.9
Riley Patterson,40-49,31,27,25.2,107.1
Riley Patterson,50-59,13,7,9.1,76.5
Brian Johnson,20-29,5,5,5.0,100.8
Brian Johnson,30-39,3,3,2.8,107.5
Brian Johnson,40-49,1,1,0.8,128.8
Brian Johnson,50-59,1,1,0.7,149.1
Tristan Vizcaino,20-29,3,3,3.0,100.8
Elliott Fry,30-39,4,3,3.7,80.6
Elliott Fry,40-49,1,1,0.8,128.8
Lirim Hajrullahu,20-29,2,2,2.0,100.8
Lirim Hajrullahu,30-39,2,2,1.9,107.5
Lirim Hajrullahu,40-49,1,0,0.8,0.0
Ryan Santoso,20-29,3,3,3.0,100.8
Ryan Santoso,30-39,1,1,0.9,107.5
Ryan Santoso,40-49,1,0,0.8,0.0
Chris Blewitt,40-49,4,1,3.1,32.2
Chris Blewitt,50-59,1,1,0.7,149.1
Dominik Eberle,20-29,1,1,1.0,100.8
Dominik Eberle,50-59,2,1,1.3,74.6
Bradley Pinion,60+,1,0,0.4,0.0
Chris Naggar,30-39,1,1,0.9,107.5
Mitch Wishnowsky,40-49,1,0,0.8,0.0
Younghoe Koo,60+,1,0,0.4,0.0
Greg Joseph,60+,1,1,0.4,260.0
Cade York,20-29,10,10,9.7,102.8
Cade York,30-39,15,11,13.9,79.3
Cade York,40-49,11,7,8.7,80.1
Cade York,50-59,8,5,5.7,88.0
Cade York,60+,1,0,0.4,0.0
Matt Gay,60+,2,0,0.9,0.0
Joey Slye,<20,1,1,1.0,100.0
Evan McPherson,<20,1,1,1.0,100.0
Harrison Butker,60+,3,2,1.2,165.7
Cameron Dicker,20-29,30,30,29.3,102.4
Cameron Dicker,30-39,39,38,36.4,104.3
Cameron Dicker,40-49,41,39,33.0,118.3
Cameron Dicker,50-59,27,21,19.1,109.9
Matt Ammendola,<20,1,1,1.0,100.0
Caleb Shudak,20-29,1,1,1.0,102.6
Caleb Shudak,30-39,3,2,2.8,72.5
Taylor Bertolet,20-29,3,3,2.9,102.6
Nick Sciba,20-29,1,1,1.0,102.6
Nick Sciba,30-39,1,1,0.9,108.7
Dominik Eberle,40-49,1,1,0.8,124.3
Brandon Aubrey,20-29,23,23,22.5,102.0
Brandon Aubrey,30-39,30,26,28.3,92.0
Brandon Aubrey,40-49,30,28,23.9,117.2
Brandon Aubrey,50-59,35,29,24.7,117.2
Brandon Aubrey,60+,9,6,3.8,157.7
Blake Grupe,20-29,25,23,24.5,93.8
Blake Grupe,30-39,29,26,27.2,95.6
Blake Grupe,40-49,24,18,19.2,93.9
Blake Grupe,50-59,25,18,17.6,102.3
Anders Carlson,20-29,9,9,8.8,102.1
Anders Carlson,30-39,16,16,15.1,105.8
Anders Carlson,40-49,15,9,11.7,76.6
Anders Carlson,50-59,7,6,4.9,121.5
Anders Carlson,60+,1,0,0.6,0.0
Chris Boswell,60+,3,1,1.4,73.1
Greg Joseph,<20,1,1,1.0,100.0
Jake Moody,20-29,23,21,22.5,93.4
Jake Moody,30-39,22,20,20.7,96.8
Jake Moody,40-49,23,15,18.3,82.1
Jake Moody,50-59,14,8,10.0,80.1
Chad Ryland,20-29,15,15,14.7,102.3
Chad Ryland,30-39,26,23,24.4,94.2
Chad Ryland,40-49,31,19,24.8,76.5
Chad Ryland,50-59,17,12,12.0,100.2
Lucas Havrisik,20-29,8,8,7.9,101.7
Lucas Havrisik,30-39,5,5,4.7,106.5
Lucas Havrisik,40-49,7,3,5.6,53.4
Lucas Havrisik,50-59,3,2,2.1,96.3
Jamie Gillan,40-49,1,1,0.8,125.6
Dare Ogunbowale,20-29,1,1,1.0,101.7
Cameron Dicker,<20,1,1,1.0,100.0
Joshua Karty,20-29,15,13,14.6,89.1
Joshua Karty,30-39,15,12,14.1,85.2
Joshua Karty,40-49,10,7,8.0,87.7
Joshua Karty,50-59,9,7,6.5,108.3
Blake Grupe,60+,2,1,0.8,123.1
Will Reichard,20-29,11,11,10.7,102.5
Will Reichard,30-39,16,15,15.0,100.2
Will Reichard,40-49,14,12,11.3,106.4
Will Reichard,50-59,23,18,16.4,110.0
Jake Bates,20-29,9,9,8.8,102.3
Jake Bates,30-39,18,18,16.9,106.7
Jake Bates,40-49,19,16,15.4,103.8
Jake Bates,50-59,15,10,10.7,93.7
Jake Bates,60+,2,0,0.8,0.0
Cam Little,20-29,13,13,12.7,102.6
Cam Little,30-39,15,15,14.0,107.0
Cam Little,40-49,19,16,15.3,104.3
Cam Little,50-59,14,11,9.9,110.6
Brayden Narveson,20-29,4,4,3.9,103.1
Brayden Narveson,30-39,4,3,3.8,79.6
Brayden Narveson,40-49,9,5,6.9,72.4
Brayden Narveson,50-59,1,0,0.7,0.0
John Parker Romo,20-29,5,5,4.9,102.6
John Parker Romo,30-39,11,10,10.3,97.4
John Parker Romo,40-49,7,5,5.5,90.5
John Parker Romo,50-59,3,2,2.1,94.1
Spencer Shrader,20-29,7,7,6.8,102.3
Spencer Shrader,30-39,6,6,5.6,107.3
Spencer Shrader,40-49,4,4,3.2,124.2
Jude McAtamney,30-39,2,2,1.9,106.8
Mitch Wishnowsky,20-29,1,1,1.0,103.1
Will Reichard,60+,1,1,0.5,183.3
Cam Little,60+,2,2,1.1,183.3
Tyler Loop,20-29,10,10,9.8,102.0
Tyler Loop,30-39,11,11,10.2,107.6
Tyler Loop,40-49,9,8,7.6,105.4
Tyler Loop,50-59,4,1,2.8,35.7
Chad Ryland,60+,1,0,0.5,0.0
Andy Borregales,<20,2,2,2.0,100.0
Andy Borregales,20-29,6,6,5.9,102.0
Andy Borregales,30-39,9,8,8.4,95.6
Andy Borregales,40-49,11,7,9.3,75.4
Andy Borregales,50-59,4,4,2.8,142.7
Eddy Pineiro,60+,1,0,0.5,0.0
Ryan Fitzgerald,20-29,6,6,5.9,102.0
Ryan Fitzgerald,30-39,9,8,8.4,95.6
Ryan Fitzgerald,40-49,9,8,7.6,105.4
Ryan Fitzgerald,50-59,5,2,3.5,57.1
Evan McPherson,60+,2,1,1.1,91.7
Andre Szmyt,20-29,4,4,3.9,102.0
Andre Szmyt,30-39,11,10,10.2,97.8
Andre Szmyt,40-49,6,5,5.1,98.8
Andre Szmyt,50-59,6,5,4.2,118.9
Daniel Carlson,60+,1,1,0.5,183.3
Charlie Smyth,20-29,1,1,1.0,102.0
Charlie Smyth,30-39,4,4,3.7,107.6
Charlie Smyth,40-49,5,3,4.2,71.1
Charlie Smyth,50-59,5,4,3.5,114.2
Charlie Smyth,60+,1,0,0.5,0.0
Spencer Shrader,50-59,2,1,1.4,71.3
Harrison Mevis,20-29,3,3,2.9,102.0
Harrison Mevis,30-39,3,3,2.8,107.6
Harrison Mevis,40-49,6,5,5.1,98.8
Harrison Mevis,50-59,1,1,0.7,142.7
Younghoe Koo,<20,1,1,1.0,100.0
Ben Sauls,20-29,3,3,2.9,102.0
Ben Sauls,30-39,4,4,3.7,107.6
Ben Sauls,40-49,1,1,0.8,118.6
Lucas Havrisik,60+,1,1,0.5,183.3
Jude McAtamney,20-29,1,1,1.0,102.0
