player,<20_kick_plus,<20_att,<20_sample_tag,20-29_kick_plus,20-29_att,20-29_sample_tag,30-39_kick_plus,30-39_att,30-39_sample_tag,40-49_kick_plus,40-49_att,40-49_sample_tag,50-59_kick_plus,50-59_att,50-59_sample_tag,60+_kick_plus,60+_att,60+_sample_tag
Aaron Elling,,,,104.0,8,small,80.8,9,small,82.4,7,small,,4,insufficient,,,
Aaron Pettrey,,1,insufficient,,2,insufficient,,,,,1,insufficient,,,,,,
Adam Vinatieri,102.0,5,small,100.9,151,normal,98.7,164,normal,107.1,164,normal,103.2,61,normal,,1,insufficient
Aldrick Rosas,,,,102.0,26,moderate,92.8,27,moderate,76.8,22,moderate,94.3,16,moderate,,,
Alex Henery,,,,99.6,27,moderate,96.9,28,moderate,98.1,28,moderate,77.5,6,small,,2,insufficient
Anders Carlson,,,,102.1,9,small,105.8,16,moderate,76.6,15,moderate,121.5,7,small,,1,insufficient
Andre Szmyt,,,,,4,insufficient,97.8,11,moderate,98.8,6,small,118.9,6,small,,,
Andrew Franks,,1,insufficient,87.3,13,moderate,107.9,10,moderate,72.2,9,small,,3,insufficient,,1,insufficient
Andy Borregales,,2,insufficient,102.0,6,small,95.6,9,small,75.4,11,moderate,,4,insufficient,,,
Austin Seibert,,,,102.5,16,moderate,107.8,27,moderate,103.3,32,moderate,53.3,11,moderate,,,
Ben Sauls,,,,,3,insufficient,,4,insufficient,,1,insufficient,,,,,,
Bill Gramatica,,1,insufficient,99.3,17,moderate,106.2,9,small,107.2,15,moderate,64.0,6,small,,,
Billy Cundiff,,4,insufficient,103.9,64,normal,87.7,75,normal,97.7,68,normal,38.5,21,moderate,,2,insufficient
Blair Walsh,,3,insufficient,100.1,38,moderate,94.6,62,normal,95.5,49,normal,109.5,34,moderate,,,
Blake Grupe,,,,93.8,25,moderate,95.6,29,moderate,93.9,24,moderate,102.3,25,moderate,,2,insufficient
Brad Daluiso,,,,,2,insufficient,,1,insufficient,,1,insufficient,,,,,,
Bradley Pinion,,,,,,,,,,,,,,,,,1,insufficient
Brandon Aubrey,,,,102.0,23,moderate,92.0,30,moderate,117.2,30,moderate,117.2,35,moderate,157.7,9,small
Brandon Coutu,,,,,,,,,,,1,insufficient,,,,,,
Brandon McManus,,,,97.5,85,normal,102.7,92,normal,105.1,95,normal,93.6,80,normal,29.9,10,moderate
Brayden Narveson,,,,,4,insufficient,,4,insufficient,72.4,9,small,,1,insufficient,,,
Brett Conway,,1,insufficient,105.1,11,moderate,85.2,21,moderate,105.9,18,moderate,,2,insufficient,,,
Brett Maher,,,,101.7,35,moderate,91.8,34,moderate,89.8,36,moderate,90.1,30,moderate,,4,insufficient
Brian Johnson,,,,100.8,5,small,,3,insufficient,,1,insufficient,,1,insufficient,,,
Cade York,,,,102.8,10,moderate,79.3,15,moderate,80.1,11,moderate,88.0,8,small,,1,insufficient
Cairo Santos,,2,insufficient,99.5,70,normal,101.1,93,normal,99.5,97,normal,101.1,48,normal,,2,insufficient
Caleb Shudak,,,,,1,insufficient,,3,insufficient,,,,,,,,,
Caleb Sturgis,,2,insufficient,102.7,36,moderate,97.2,45,normal,87.4,42,normal,80.9,25,moderate,,,
Cam Little,,,,102.6,13,moderate,107.0,15,moderate,104.3,19,moderate,110.6,14,moderate,,2,insufficient
Cameron Dicker,,1,insufficient,102.4,30,moderate,104.3,39,moderate,118.3,41,normal,109.9,27,moderate,,,
Cedric Oglesby,,1,insufficient,,2,insufficient,,2,insufficient,,1,insufficient,,,,,,
Chad Ryland,,,,102.3,15,moderate,94.2,26,moderate,76.5,31,moderate,100.2,17,moderate,,1,insufficient
Chandler Catanzaro,,3,insufficient,99.4,33,moderate,99.1,44,normal,94.6,46,normal,95.1,15,moderate,,1,insufficient
Charlie Smyth,,,,,1,insufficient,,4,insufficient,71.1,5,small,114.2,5,small,,1,insufficient
Chase McLaughlin,,1,insufficient,102.2,41,normal,100.0,45,normal,82.4,48,normal,123.3,49,normal,,2,insufficient
Chris Blewitt,,,,,,,,,,,4,insufficient,,1,insufficient,,,
Chris Boswell,,2,insufficient,102.2,77,normal,97.5,87,normal,102.6,112,normal,122.9,60,normal,,3,insufficient
Chris Naggar,,,,,,,,1,insufficient,,,,,,,,,
Clint Stitser,,,,84.0,5,small,,2,insufficient,,1,insufficient,,,,,,
Cody Parkey,,,,102.6,34,moderate,93.7,47,normal,95.9,52,normal,125.1,10,moderate,,,
Connor Barth,,3,insufficient,101.2,51,normal,100.9,51,normal,98.2,68,normal,96.2,30,moderate,,,
Craig Hentrich,,,,,,,,2,insufficient,,2,insufficient,,4,insufficient,,,
Dan Bailey,100.0,5,small,98.1,66,normal,105.2,87,normal,102.1,82,normal,101.9,50,normal,,,
Dan Carpenter,,2,insufficient,101.8,71,normal,105.5,69,normal,100.2,98,normal,93.4,39,moderate,,2,insufficient
Daniel Carlson,,,,101.0,73,normal,102.4,65,normal,99.1,70,normal,104.1,50,normal,,1,insufficient
Danny Boyd,,,,,3,insufficient,,2,insufficient,,,,,,,,,
Dare Ogunbowale,,,,,1,insufficient,,,,,,,,,,,,
Dave Rayner,,,,96.1,25,moderate,82.9,26,moderate,87.3,28,moderate,80.9,11,moderate,,,
David Akers,101.3,8,small,102.5,120,normal,100.4,129,normal,94.3,133,normal,91.5,44,normal,,2,insufficient
David Buehler,,,,105.1,8,small,64.4,7,small,99.3,11,moderate,117.2,6,small,,,
Dominik Eberle,,,,,1,insufficient,,,,,1,insufficient,,2,insufficient,,,
Doug Brien,,,,99.1,20,moderate,101.6,25,moderate,116.8,26,moderate,,2,insufficient,,,
Dustin Hopkins,,2,insufficient,99.2,66,normal,100.6,75,normal,102.5,98,normal,90.6,45,normal,,1,insufficient
Eddy Pineiro,,1,insufficient,102.1,30,moderate,101.6,52,normal,104.1,51,normal,123.6,20,moderate,,1,insufficient
Elliott Fry,,,,,1,insufficient,,4,insufficient,,1,insufficient,,,,,,
Evan McPherson,,1,insufficient,98.2,26,moderate,107.1,28,moderate,99.8,45,normal,98.3,41,normal,,2,insufficient
Garrett Hartley,,4,insufficient,92.7,29,moderate,87.4,35,moderate,99.7,28,moderate,123.6,8,small,,,
Gary Anderson,,1,insufficient,100.9,25,moderate,110.9,25,moderate,101.2,41,normal,,2,insufficient,,,
Giorgio Tavecchio,,,,102.0,6,small,83.3,7,small,91.0,7,small,121.1,6,small,,,
Graham Gano,,2,insufficient,99.5,89,normal,92.8,116,normal,105.5,134,normal,104.4,65,normal,,2,insufficient
Greg Joseph,,1,insufficient,101.9,34,moderate,104.0,38,moderate,91.0,38,moderate,80.1,29,moderate,,1,insufficient
Greg Zuerlein,100.0,5,small,101.0,76,normal,99.9,132,normal,101.0,111,normal,90.0,78,normal,119.4,9,small
Harrison Butker,,4,insufficient,100.7,68,normal,102.8,90,normal,111.1,69,normal,97.5,50,normal,,3,insufficient
Harrison Mevis,,,,,3,insufficient,,3,insufficient,98.8,6,small,,1,insufficient,,,
Hayden Epstein,,,,,3,insufficient,,3,insufficient,,2,insufficient,,1,insufficient,,,
J.R. Jenkins,,,,,,,,,,,,,,1,insufficient,,,
Jake Arians,,,,105.5,6,small,,4,insufficient,60.8,11,moderate,,,,,,
Jake Bates,,,,102.3,9,small,106.7,18,moderate,103.8,19,moderate,93.7,15,moderate,,2,insufficient
Jake Elliott,,,,98.4,56,normal,98.1,76,normal,106.8,74,normal,86.6,49,normal,,3,insufficient
Jake Moody,,,,93.4,23,moderate,96.8,22,moderate,82.1,23,moderate,80.1,14,moderate,,,
James Tuthill,,,,,3,insufficient,68.4,7,small,62.2,5,small,,1,insufficient,,,
Jamie Gillan,,,,,,,,,,,1,insufficient,,,,,1,insufficient
Jason Elam,,1,insufficient,102.0,87,normal,103.7,68,normal,105.6,95,normal,107.8,24,moderate,,,
Jason Hanson,102.0,5,small,103.0,73,normal,107.5,92,normal,104.7,106,normal,116.9,53,normal,,,
Jason Myers,,,,99.0,62,normal,99.6,107,normal,107.1,103,normal,107.0,70,normal,70.0,5,small
Jason Sanders,,1,insufficient,100.1,47,normal,101.5,55,normal,100.9,70,normal,100.6,48,normal,,,
Jay Feely,,2,insufficient,98.4,108,normal,100.5,138,normal,102.7,122,normal,98.8,30,moderate,,2,insufficient
Jay Taylor,,,,,,,,3,insufficient,,1,insufficient,,1,insufficient,,,
Jeff Chandler,,1,insufficient,104.3,11,moderate,,4,insufficient,84.6,9,small,,2,insufficient,,,
Jeff Feagles,,,,,1,insufficient,,,,,,,,,,,,
Jeff Reed,100.0,6,small,96.1,77,normal,106.5,89,normal,93.8,70,normal,83.0,15,moderate,,,
Jeff Wilkins,,1,insufficient,101.6,65,normal,105.3,55,normal,96.6,76,normal,159.3,14,moderate,,,
Joe Nedney,,3,insufficient,102.7,55,normal,105.4,64,normal,104.7,65,normal,110.1,22,moderate,,,
Joey Slye,,1,insufficient,94.1,49,normal,102.9,49,normal,98.1,61,normal,104.2,47,normal,71.9,8,small
John Carney,,4,insufficient,101.4,73,normal,100.7,97,normal,104.5,71,normal,102.5,9,small,,,
John Hall,,3,insufficient,105.1,34,moderate,100.0,37,moderate,98.4,41,normal,82.6,16,moderate,,,
John Kasay,100.0,5,small,104.3,90,normal,109.4,68,normal,108.2,92,normal,92.8,45,normal,,3,insufficient
John Parker Romo,,,,102.6,5,small,97.4,11,moderate,90.5,7,small,,3,insufficient,,,
John Potter,,,,,2,insufficient,,,,,1,insufficient,,1,insufficient,,,
Johnny Hekker,,,,,1,insufficient,,,,,,,,,,,,
Jon Brown,,,,,,,,2,insufficient,,,,,,,,,
Jon Hilbert,,,,,3,insufficient,101.2,7,small,41.4,8,small,,,,,,
Jose Cortez,,2,insufficient,89.5,26,moderate,101.6,21,moderate,71.0,24,moderate,,1,insufficient,,,
Josh Brown,,4,insufficient,101.7,98,normal,103.2,106,normal,98.7,117,normal,118.0,55,normal,,,
Josh Lambo,,,,102.2,29,moderate,107.6,51,normal,98.5,44,normal,113.8,22,moderate,,1,insufficient
Josh Scobee,,4,insufficient,100.7,66,normal,101.7,80,normal,93.0,109,normal,109.1,39,moderate,,3,insufficient
Joshua Karty,,,,89.1,15,moderate,85.2,15,moderate,87.7,10,moderate,108.3,9,small,,,
Jude McAtamney,,,,,1,insufficient,,2,insufficient,,,,,,,,,
Justin Medlock,,,,,3,insufficient,,4,insufficient,,4,insufficient,,1,insufficient,,,
Justin Tucker,,,,102.4,111,normal,106.6,125,normal,112.7,136,normal,106.8,87,normal,68.1,9,small
Ka'imi Fairbairn,,1,insufficient,97.5,65,normal,104.3,83,normal,105.6,73,normal,107.2,68,normal,,1,insufficient
Kaare Vedvik,,,,,,,,,,,1,insufficient,,,,,,
Kai Forbath,,,,97.5,40,normal,99.6,45,normal,110.0,50,normal,93.6,19,moderate,,,
Kris Brown,,4,insufficient,97.6,64,normal,93.3,84,normal,97.3,89,normal,96.8,29,moderate,,,
Kyle Brindza,,,,,2,insufficient,,3,insufficient,,3,insufficient,,4,insufficient,,,
Lawrence Tynes,,4,insufficient,100.4,80,normal,93.3,72,normal,96.3,56,normal,97.7,20,moderate,,1,insufficient
Lirim Hajrullahu,,,,,2,insufficient,,2,insufficient,,1,insufficient,,,,,,
Lucas Havrisik,,,,101.7,8,small,106.5,5,small,53.4,7,small,,3,insufficient,,1,insufficient
Martin Gramatica,,,,96.2,36,moderate,99.4,43,normal,76.8,42,normal,126.9,12,moderate,,,
Mason Crosby,100.0,10,moderate,101.1,116,normal,96.9,152,normal,96.3,134,normal,88.2,79,normal,,,
Matt Ammendola,,1,insufficient,101.5,10,moderate,97.5,11,moderate,47.8,8,small,0.0,5,small,,,
Matt Bryant,102.2,7,small,99.5,125,normal,101.6,140,normal,107.2,130,normal,103.1,61,normal,,1,insufficient
Matt Gay,,,,102.1,45,normal,98.7,62,normal,112.5,55,normal,90.2,52,normal,,2,insufficient
Matt McCrane,,,,,3,insufficient,,2,insufficient,78.8,5,small,,2,insufficient,,,
Matt Prater,100.0,5,small,99.8,114,normal,100.6,137,normal,93.3,141,normal,114.6,105,normal,135.0,5,small
Matt Stover,,4,insufficient,103.4,95,normal,107.5,74,normal,105.0,87,normal,79.4,9,small,,,
Matthew Wright,,,,101.8,13,moderate,102.9,24,moderate,106.3,20,moderate,92.4,11,moderate,,,
Micah Knorr,,,,,1,insufficient,,,,,,,,,,,,
Michael Husted,,,,,,,,1,insufficient,,,,,,,,,
Michael Koenen,,,,,1,insufficient,,4,insufficient,,1,insufficient,60.1,7,small,,,
Mike Badgley,,,,98.8,29,moderate,104.3,33,moderate,100.9,53,normal,65.1,16,moderate,,,
Mike Hollis,,,,89.6,13,moderate,90.5,21,moderate,100.0,21,moderate,95.8,6,small,,,
Mike Nugent,100.0,5,small,101.3,86,normal,93.3,101,normal,98.5,105,normal,74.4,30,moderate,,,
Mike Scifres,,,,,,,,,,,1,insufficient,,,,,,
Mike Vanderjagt,,2,insufficient,99.1,55,normal,106.0,44,normal,109.4,59,normal,150.7,10,moderate,,,
Mitch Wishnowsky,,,,,1,insufficient,,,,,1,insufficient,,,,,,
Morten Andersen,,1,insufficient,102.4,42,normal,110.4,51,normal,100.3,45,normal,71.2,8,small,,,
Nate Freese,,,,,2,insufficient,,1,insufficient,,4,insufficient,,,,,,
Nate Kaeding,100.0,5,small,100.9,71,normal,108.2,51,normal,100.7,66,normal,105.3,17,moderate,,,
Neil Rackers,,4,insufficient,101.8,84,normal,99.4,91,normal,106.6,82,normal,105.4,46,normal,,,
Nick Folk,,4,insufficient,97.5,130,normal,103.1,138,normal,99.2,157,normal,109.6,76,normal,,2,insufficient
Nick Novak,100.0,5,small,103.1,58,normal,93.0,71,normal,97.4,57,normal,85.2,31,moderate,,,
Nick Rose,,,,102.1,6,small,,4,insufficient,,2,insufficient,,2,insufficient,,,
Nick Sciba,,,,,1,insufficient,,1,insufficient,,,,,,,,,
Ola Kimrin,,,,,3,insufficient,,3,insufficient,,3,insufficient,,1,insufficient,,,
Olindo Mare,,4,insufficient,97.0,96,normal,95.4,88,normal,106.4,78,normal,84.6,33,moderate,,,
Owen Pochman,,,,,1,insufficient,45.4,8,small,115.3,5,small,,2,insufficient,,,
Patrick Murray,,,,89.5,8,small,106.8,17,moderate,106.6,12,moderate,88.5,12,moderate,,,
Paul Edinger,,1,insufficient,98.5,33,moderate,77.8,40,normal,110.9,57,normal,119.3,22,moderate,,,
Phil Dawson,100.0,10,moderate,98.3,149,normal,99.4,144,normal,101.0,134,normal,122.7,51,normal,,3,insufficient
Randy Bullock,,2,insufficient,100.4,55,normal,101.0,79,normal,98.0,94,normal,78.7,29,moderate,,,
Rian Lindell,,4,insufficient,99.5,109,normal,103.9,108,normal,91.0,101,normal,87.6,34,moderate,,1,insufficient
Richie Cunningham,,,,,1,insufficient,,,,,,,,,,,,
Ricky Schmitt,,,,,1,insufficient,,2,insufficient,,,,,,,,,
Riley Patterson,,,,96.6,19,moderate,101.9,40,normal,107.1,31,moderate,76.5,13,moderate,,,
Rob Bironas,,,,99.8,74,normal,105.1,80,normal,102.5,91,normal,128.1,25,moderate,,4,insufficient
Robbie Gould,,2,insufficient,101.6,138,normal,101.5,153,normal,101.5,173,normal,112.5,50,normal,,1,insufficient
Roberto Aguayo,,,,103.3,5,small,94.4,15,moderate,50.4,10,moderate,,1,insufficient,,,
Rodrigo Blankenship,,,,103.1,15,moderate,94.9,17,moderate,99.1,19,moderate,59.3,5,small,,,
Ryan Fitzgerald,,,,102.0,6,small,95.6,9,small,105.4,9,small,57.1,5,small,,,
Ryan Longwell,,4,insufficient,101.5,77,normal,102.9,99,normal,99.9,93,normal,112.4,30,moderate,,,
Ryan Santoso,,,,,3,insufficient,,1,insufficient,,1,insufficient,,,,,,
Ryan Succop,,3,insufficient,99.5,94,normal,101.8,110,normal,99.3,132,normal,76.1,47,normal,,,
Sam Ficken,,,,92.6,10,moderate,95.3,16,moderate,84.9,13,moderate,72.6,9,small,,,
Sam Sloman,,,,,3,insufficient,107.5,6,small,,3,insufficient,,1,insufficient,,,
Sebastian Janikowski,100.0,6,small,101.1,111,normal,103.0,135,normal,105.1,157,normal,103.3,89,normal,130.2,9,small
Sergio Castillo,,,,,2,insufficient,,4,insufficient,49.6,5,small,,2,insufficient,,,
Seth Marler,,,,94.6,11,moderate,60.5,8,small,60.1,12,moderate,,2,insufficient,,,
Shane Andrus,,,,,1,insufficient,,2,insufficient,,2,insufficient,,,,,,
Shaun Suisham,,3,insufficient,99.2,73,normal,95.6,71,normal,108.9,87,normal,60.8,11,moderate,,,
Shayne Graham,101.6,5,small,99.7,94,normal,106.5,104,normal,106.8,89,normal,95.1,31,moderate,,1,insufficient
Spencer Shrader,,,,102.3,7,small,107.3,6,small,,4,insufficient,,2,insufficient,,,
Stephen Gostkowski,,3,insufficient,99.1,130,normal,101.8,144,normal,97.5,134,normal,114.0,41,normal,,1,insufficient
Steve Christie,,2,insufficient,104.8,26,moderate,93.2,22,moderate,77.0,25,moderate,109.0,10,moderate,,,
Steven Hauschka,,3,insufficient,95.8,73,normal,106.8,94,normal,102.4,95,normal,101.3,42,normal,,3,insufficient
Taylor Bertolet,,,,,3,insufficient,,,,,,,,,,,,
Taylor Mehlhaff,,,,,1,insufficient,,2,insufficient,,1,insufficient,,,,,,
Taylor Russolino,,,,,,,,,,,,,,1,insufficient,,,
Tim Duncan,,,,,2,insufficient,,4,insufficient,,2,insufficient,,2,insufficient,,,
Tim Seder,,,,105.8,9,small,74.1,8,small,81.2,10,moderate,,2,insufficient,,,
Todd France,,,,,4,insufficient,,1,insufficient,,4,insufficient,,,,,,
Todd Peterson,,2,insufficient,86.4,34,moderate,102.2,42,normal,106.4,33,moderate,74.8,7,small,,,
Todd Sauerbrun,,,,,,,,1,insufficient,,,,,,,,,
Travis Coons,,,,102.5,15,moderate,100.1,13,moderate,105.1,10,moderate,,2,insufficient,,,
Tristan Vizcaino,,,,,3,insufficient,107.7,5,small,,4,insufficient,,,,,,
Ty Long,,,,,,,,3,insufficient,112.1,5,small,,1,insufficient,,,
Tyler Bass,,1,insufficient,99.6,39,moderate,92.1,50,normal,99.4,42,normal,103.8,21,moderate,,2,insufficient
Tyler Loop,,,,102.0,10,moderate,107.6,11,moderate,105.4,9,small,,4,insufficient,,,
Wade Richey,,,,91.5,15,moderate,67.3,7,small,71.7,7,small,75.3,5,small,,,
Wes Welker,,,,,1,insufficient,,,,,,,,,,,,
Wil Lutz,,3,insufficient,100.7,66,normal,99.4,90,normal,106.9,89,normal,97.6,43,normal,,4,insufficient
Will Reichard,,,,102.5,11,moderate,100.2,16,moderate,106.4,14,moderate,110.0,23,moderate,,1,insufficient
Younghoe Koo,,1,insufficient,102.3,53,normal,100.0,57,normal,97.9,64,normal,102.2,41,normal,,1,insufficient
Zach Hocker,,,,,3,insufficient,88.5,6,small,,3,insufficient,,2,insufficient,,,
Zane Gonzalez,,,,101.9,29,moderate,95.6,31,moderate,96.8,54,normal,95.2,28,moderate,,,
