rank,player,year,attempts,kick_plus
1,Sebastian Janikowski,2009,29,126.1
2,Justin Tucker,2016,39,123.2
3,Jason Hanson,2003,23,122.9
4,Neil Rackers,2005,42,122.9
5,Jason Myers,2020,24,122.0
6,Jason Hanson,2008,22,121.4
7,Mike Vanderjagt,2003,37,119.5
8,Joe Nedney,2005,28,119.0
9,Sebastian Janikowski,2003,22,118.9
10,Doug Brien,2003,28,118.7
11,John Kasay,2006,27,117.9
12,Nick Folk,2024,22,116.8
13,Adam Vinatieri,2002,30,116.7
14,Jason Elam,2001,36,116.5
15,Matt Prater,2013,26,116.4
16,Matt Bryant,2018,21,116.2
17,Connor Barth,2011,28,116.1
18,Rob Bironas,2011,32,115.7
19,Sebastian Janikowski,2011,35,115.6
20,Rob Bironas,2010,26,115.1
21,Mike Vanderjagt,2001,34,114.7
22,Josh Lambo,2019,34,114.6
23,Josh Scobee,2011,25,114.5
24,Greg Zuerlein,2017,40,114.3
25,Justin Tucker,2019,29,114.2
26,Graham Gano,2020,32,114.1
27,John Carney,2001,31,114.0
28,Eddy Pineiro,2025,29,113.8
29,Rian Lindell,2006,25,113.8
30,Justin Tucker,2021,37,113.8
31,Paul Edinger,2002,28,113.7
32,Robbie Gould,2017,41,113.4
33,Will Reichard,2025,35,113.4
34,Jeff Wilkins,2003,42,113.3
35,Josh Lambo,2017,20,113.3
36,Nick Folk,2008,22,113.2
37,Paul Edinger,2001,31,113.1
38,Nick Folk,2025,29,113.0
39,Adam Vinatieri,2004,33,112.8
40,Blair Walsh,2012,38,112.5
41,John Carney,2002,35,112.5
42,Adam Vinatieri,2016,31,112.3
43,Ryan Succop,2016,24,112.2
44,Matt Bryant,2014,32,112.1
45,Phil Dawson,2012,31,112.1
46,Chris Boswell,2024,44,112.1
47,Shayne Graham,2003,25,112.0
48,Graham Gano,2017,30,111.9
49,Sebastian Janikowski,2012,34,111.9
50,Justin Tucker,2017,37,111.8
51,Adam Vinatieri,2014,31,111.7
52,Ryan Longwell,2009,28,111.4
53,Dan Bailey,2013,30,111.4
54,Ryan Longwell,2003,26,111.4
55,Cameron Dicker,2023,33,111.3
56,Zane Gonzalez,2021,22,111.1
57,David Akers,2004,32,111.0
58,Josh Brown,2004,25,111.0
59,Dan Bailey,2012,31,111.0
60,Younghoe Koo,2020,39,111.0
61,Brandon Aubrey,2024,47,110.9
62,Jason Myers,2024,30,110.9
63,Jason Sanders,2020,39,110.9
64,Steven Hauschka,2015,31,110.7
65,Matt Bryant,2016,37,110.7
66,Matt Stover,2004,32,110.7
67,Aldrick Rosas,2018,33,110.7
68,Mason Crosby,2019,24,110.6
69,Gary Anderson,2003,31,110.5
70,Wil Lutz,2019,36,110.5
71,Harrison Butker,2019,38,110.5
72,Rob Bironas,2009,32,110.4
73,Jason Elam,2006,29,110.4
74,Sebastian Janikowski,2004,28,110.3
75,Nick Folk,2023,30,110.3
76,Matt Gay,2022,30,110.3
77,Jason Hanson,2006,33,110.3
78,Matt Prater,2015,24,110.3
79,Cameron Dicker,2024,42,110.2
80,Graham Gano,2022,32,110.0
81,Wil Lutz,2024,34,110.0
82,Dustin Hopkins,2018,29,110.0
83,Robbie Gould,2018,34,109.9
84,Jason Myers,2018,36,109.9
85,Wil Lutz,2018,30,109.9
86,Josh Scobee,2013,25,109.9
87,John Kasay,2001,28,109.7
88,Kris Brown,2007,29,109.7
89,Brett Maher,2022,32,109.6
90,David Akers,2002,34,109.6
91,Ka'imi Fairbairn,2022,31,109.6
92,Adam Vinatieri,2006,28,109.6
93,Sebastian Janikowski,2014,22,109.5
94,Jake Elliott,2023,32,109.5
95,Stephen Gostkowski,2015,36,109.5
96,Cam Little,2024,29,109.5
97,Adam Vinatieri,2015,27,109.4
98,Ryan Longwell,2007,24,109.4
99,Shayne Graham,2004,31,109.4
100,Chris Boswell,2019,31,109.3
101,John Kasay,2010,29,109.3
102,Jay Feely,2010,27,109.3
103,Chris Boswell,2023,31,109.2
104,Adam Vinatieri,2010,28,109.2
105,Jake Bates,2024,29,109.2
106,Jay Feely,2007,23,109.2
107,David Akers,2001,31,109.1
108,Dan Bailey,2015,32,109.1
109,Brandon Aubrey,2023,38,109.1
110,Eddy Pineiro,2022,35,109.0
111,Brandon McManus,2019,34,109.0
112,Neil Rackers,2010,30,109.0
113,Brandon McManus,2020,34,108.9
114,Nick Folk,2021,39,108.9
115,Dan Bailey,2019,29,108.8
116,Chase McLaughlin,2024,32,108.8
117,Matt Stover,2006,30,108.8
118,Daniel Carlson,2022,37,108.6
119,Dustin Hopkins,2023,36,108.6
120,Matt Gay,2021,34,108.6
121,Nick Folk,2020,28,108.6
122,Chris Boswell,2020,20,108.6
123,Justin Tucker,2013,41,108.5
124,Daniel Carlson,2021,43,108.5
125,Dan Carpenter,2009,28,108.5
126,Jason Elam,2008,31,108.5
127,Morten Andersen,2002,26,108.4
128,Nate Kaeding,2005,24,108.3
129,John Kasay,2008,31,108.3
130,Stephen Gostkowski,2014,37,108.3
131,Josh Brown,2015,32,108.2
132,Mike Vanderjagt,2005,25,108.2
133,Ka'imi Fairbairn,2025,48,108.2
134,Morten Andersen,2001,28,108.1
135,Martin Gramatica,2002,39,108.1
136,Nate Kaeding,2006,29,108.1
137,Harrison Butker,2021,28,108.1
138,Justin Tucker,2012,33,108.1
139,Matt Bryant,2011,29,108.0
140,Jason Elam,2003,28,107.9
141,Ka'imi Fairbairn,2023,28,107.8
142,John Carney,2006,25,107.8
143,Jeff Reed,2007,25,107.8
144,Olindo Mare,2009,26,107.7
145,Jeff Wilkins,2005,26,107.7
146,Kris Brown,2003,22,107.7
147,Chris Boswell,2021,40,107.7
148,Cairo Santos,2022,23,107.7
149,Brandon McManus,2024,21,107.7
150,Robbie Gould,2006,36,107.7
151,Matt Bryant,2005,25,107.7
152,Evan McPherson,2025,28,107.6
153,Younghoe Koo,2021,29,107.6
154,Olindo Mare,2001,21,107.6
155,Rob Bironas,2008,33,107.6
156,Mike Nugent,2006,27,107.6
157,Josh Brown,2014,26,107.5
158,Chris Boswell,2017,38,107.5
159,Nate Kaeding,2009,35,107.5
160,Stephen Gostkowski,2013,41,107.4
161,Justin Tucker,2020,29,107.4
162,Jeff Wilkins,2006,37,107.3
163,Greg Zuerlein,2023,38,107.3
164,John Kasay,2004,22,107.3
165,Matt Stover,2002,25,107.2
166,Dan Carpenter,2014,38,107.2
167,Ryan Succop,2009,29,107.2
168,Cameron Dicker,2022,22,107.1
169,Matt Stover,2005,34,107.1
170,Cairo Santos,2020,32,107.1
171,Harrison Butker,2017,42,107.1
172,Jason Sanders,2024,41,107.1
173,Steven Hauschka,2013,35,107.0
174,Josh Lambo,2018,21,107.0
175,Zane Gonzalez,2025,22,107.0
176,Stephen Gostkowski,2017,40,107.0
177,Jason Hanson,2012,36,107.0
178,Steven Hauschka,2017,33,106.9
179,Cairo Santos,2023,38,106.9
180,Chase McLaughlin,2023,31,106.9
181,Nick Novak,2012,20,106.7
182,Robbie Gould,2011,32,106.6
183,Harrison Butker,2023,35,106.6
184,Jason Elam,2004,34,106.6
185,Sebastian Janikowski,2001,28,106.6
186,Cody Parkey,2017,23,106.6
187,Riley Patterson,2025,29,106.5
188,Shaun Suisham,2012,31,106.3
189,Connor Barth,2012,33,106.3
190,Phil Dawson,2001,25,106.3
191,Matt Bryant,2010,31,106.3
192,Dan Bailey,2014,29,106.2
193,Matt Stover,2003,38,106.2
194,Justin Tucker,2018,39,106.2
195,Phil Dawson,2005,29,106.2
196,Josh Brown,2008,36,106.2
197,Ryan Longwell,2004,28,106.2
198,Josh Brown,2009,24,106.1
199,Rian Lindell,2007,27,106.1
200,John Kasay,2003,38,106.0
201,Robbie Gould,2009,28,106.0
202,Joey Slye,2021,25,106.0
203,Joey Slye,2019,32,106.0
204,Jake Elliott,2021,33,105.8
205,Jason Hanson,2002,28,105.8
206,David Akers,2009,37,105.7
207,Josh Scobee,2012,28,105.7
208,Todd Peterson,2005,25,105.7
209,Cam Little,2025,34,105.6
210,Cameron Dicker,2025,41,105.6
211,Matt Prater,2022,25,105.5
212,Nate Kaeding,2007,27,105.5
213,Greg Zuerlein,2013,28,105.5
214,Jay Feely,2012,28,105.4
215,Matt Prater,2016,36,105.4
216,Matt Prater,2019,31,105.4
217,Dan Carpenter,2013,36,105.4
218,Brandon Aubrey,2025,42,105.3
219,Randy Bullock,2019,31,105.3
220,Nick Folk,2013,36,105.2
221,Kris Brown,2002,24,105.1
222,Neil Rackers,2008,28,105.1
223,Matt Bryant,2017,39,105.1
224,Harrison Butker,2020,27,105.1
225,Todd Peterson,2004,22,105.1
226,Jason Elam,2007,31,105.0
227,Blake Grupe,2024,31,105.0
228,Daniel Carlson,2020,35,105.0
229,Robbie Gould,2008,29,104.9
230,Jason Hanson,2001,30,104.9
231,Graham Gano,2021,33,104.9
232,Jason Myers,2016,34,104.8
233,Austin Seibert,2019,29,104.8
234,Steven Hauschka,2012,27,104.8
235,David Akers,2003,29,104.8
236,Matt Prater,2017,35,104.7
237,Shaun Suisham,2014,32,104.6
238,Evan McPherson,2021,33,104.6
239,Chris Boswell,2015,32,104.6
240,Morten Andersen,2006,23,104.6
241,Alex Henery,2011,27,104.5
242,Olindo Mare,2008,27,104.5
243,Billy Cundiff,2010,29,104.5
244,Shayne Graham,2005,32,104.5
245,Jason Sanders,2018,20,104.5
246,Jason Myers,2022,37,104.4
247,Adam Vinatieri,2001,30,104.4
248,Dustin Hopkins,2021,34,104.4
249,Jeff Reed,2009,31,104.3
250,Younghoe Koo,2019,26,104.3
251,Rob Bironas,2007,34,104.3
252,Justin Tucker,2014,34,104.3
253,Younghoe Koo,2022,37,104.2
254,Robbie Gould,2007,36,104.2
255,Ka'imi Fairbairn,2018,42,104.1
256,John Hall,2001,31,104.1
257,Dustin Hopkins,2015,28,104.1
258,Sebastian Janikowski,2007,32,104.0
259,Chandler Catanzaro,2014,33,104.0
260,Dan Bailey,2011,37,104.0
261,Shayne Graham,2007,34,103.9
262,Shaun Suisham,2013,32,103.8
263,Shayne Graham,2006,30,103.8
264,Phil Dawson,2003,21,103.7
265,Joe Nedney,2008,33,103.7
266,John Carney,2004,27,103.6
267,Austin Seibert,2024,30,103.6
268,Stephen Gostkowski,2009,31,103.6
269,Jake Elliott,2017,31,103.6
270,Adam Vinatieri,2011,27,103.5
271,Graham Gano,2013,27,103.5
272,Patrick Murray,2014,24,103.4
273,Cairo Santos,2024,25,103.4
274,Robbie Gould,2021,23,103.4
275,Randy Bullock,2017,20,103.4
276,Matt Stover,2001,35,103.4
277,Phil Dawson,2013,36,103.4
278,Brett Conway,2001,33,103.3
279,Shayne Graham,2008,24,103.3
280,Josh Brown,2007,34,103.2
281,Jason Hanson,2007,35,103.2
282,Jay Feely,2002,40,103.2
283,Mason Crosby,2015,28,103.2
284,Robbie Gould,2013,29,103.1
285,Jay Feely,2009,36,103.1
286,Neil Rackers,2004,29,103.1
287,Nick Folk,2007,31,103.1
288,Adam Vinatieri,2013,40,103.1
289,Nick Novak,2013,37,103.1
290,Brandon McManus,2016,34,103.0
291,Ryan Longwell,2002,34,103.0
292,Jay Feely,2005,42,102.9
293,Matt Prater,2009,35,102.9
294,Matt Prater,2023,33,102.9
295,Evan McPherson,2023,31,102.9
296,Jeff Reed,2004,33,102.9
297,Morten Andersen,2003,20,102.8
298,Kris Brown,2008,33,102.8
299,Jeff Wilkins,2001,29,102.8
300,Greg Joseph,2021,38,102.7
301,Dan Carpenter,2011,34,102.7
302,Joe Nedney,2009,21,102.7
303,Harrison Butker,2018,27,102.7
304,Nate Kaeding,2010,28,102.7
305,Jason Hanson,2004,28,102.6
306,Justin Tucker,2022,43,102.6
307,Rian Lindell,2009,33,102.5
308,Phil Dawson,2011,29,102.5
309,Andre Szmyt,2025,27,102.5
310,Jay Feely,2006,27,102.4
311,Phil Dawson,2014,31,102.4
312,Dan Carpenter,2008,25,102.3
313,Phil Dawson,2015,27,102.3
314,John Kasay,2007,28,102.3
315,John Kasay,2005,34,102.3
316,Greg Zuerlein,2016,22,102.3
317,Josh Scobee,2006,32,102.3
318,Stephen Gostkowski,2008,39,102.3
319,Mike Nugent,2011,38,102.3
320,Wil Lutz,2017,36,102.2
321,Bill Gramatica,2001,20,102.2
322,Jake Elliott,2019,26,102.2
323,Josh Lambo,2015,32,102.2
324,Rian Lindell,2012,24,102.2
325,Mason Crosby,2013,37,102.1
326,Chris Boswell,2025,32,102.1
327,Cody Parkey,2014,36,102.1
328,John Carney,2008,37,102.1
329,Matthew Wright,2021,24,102.0
330,Josh Brown,2006,31,102.0
331,Ryan Succop,2014,22,102.0
332,Matt Bryant,2013,27,101.9
333,Eddy Pineiro,2023,29,101.9
334,Steven Hauschka,2011,30,101.9
335,Ka'imi Fairbairn,2020,31,101.9
336,Matt Bryant,2012,38,101.9
337,Phil Dawson,2016,21,101.8
338,Brandon McManus,2021,31,101.8
339,Chad Ryland,2024,32,101.7
340,Sebastian Janikowski,2016,35,101.6
341,Ryan Succop,2020,31,101.6
342,John Kasay,2009,27,101.5
343,Phil Dawson,2007,30,101.5
344,Doug Brien,2004,29,101.5
345,Morten Andersen,2007,28,101.5
346,Zane Gonzalez,2019,35,101.5
347,Ka'imi Fairbairn,2024,42,101.4
348,Ryan Longwell,2008,34,101.4
349,Blair Walsh,2015,39,101.4
350,Mason Crosby,2011,28,101.3
351,Joe Nedney,2002,31,101.3
352,Dan Bailey,2016,32,101.3
353,Jeff Reed,2005,29,101.3
354,Jeff Reed,2008,31,101.3
355,Dan Carpenter,2015,27,101.1
356,Chase McLaughlin,2022,36,101.1
357,Jason Sanders,2023,28,101.1
358,Daniel Carlson,2018,21,101.1
359,Randy Bullock,2014,35,101.1
360,Matt Stover,2007,31,101.0
361,Greg Zuerlein,2018,31,101.0
362,Matt Prater,2025,20,101.0
363,Matt Prater,2018,32,100.9
364,Phil Dawson,2008,30,100.9
365,Josh Brown,2010,39,100.9
366,Cairo Santos,2021,30,100.9
367,Sebastian Janikowski,2002,33,100.8
368,Jay Feely,2001,37,100.8
369,Adam Vinatieri,2017,34,100.8
370,Nick Novak,2015,21,100.7
371,Chandler Catanzaro,2015,31,100.7
372,Kai Forbath,2017,38,100.7
373,Jason Myers,2025,48,100.6
374,Tyler Bass,2022,31,100.6
375,David Akers,2011,52,100.6
376,Greg Zuerlein,2020,41,100.6
377,Sebastian Janikowski,2010,41,100.6
378,Chris Boswell,2016,25,100.6
379,Kai Forbath,2014,27,100.6
380,David Akers,2010,38,100.5
381,Ryan Longwell,2006,25,100.5
382,Caleb Sturgis,2016,41,100.5
383,Mike Hollis,2002,33,100.4
384,Adam Vinatieri,2018,27,100.3
385,Martin Gramatica,2001,29,100.3
386,Nick Novak,2016,41,100.3
387,Wil Lutz,2016,34,100.3
388,Robbie Gould,2015,39,100.2
389,Nick Folk,2022,37,100.2
390,Alex Henery,2012,31,100.2
391,Lawrence Tynes,2005,33,100.2
392,Matt Bryant,2007,33,100.2
393,Robbie Gould,2010,30,100.2
394,Jeff Wilkins,2004,24,100.2
395,John Hall,2003,33,100.1
396,Chase McLaughlin,2025,38,100.1
397,Brandon McManus,2015,35,100.1
398,Jake Elliott,2022,23,100.1
399,Joe Nedney,2001,28,100.1
400,Matt Gay,2019,35,100.1
401,Dustin Hopkins,2019,30,100.1
402,Josh Brown,2013,26,100.0
403,Jason Myers,2015,30,100.0
404,Blair Walsh,2013,30,99.9
405,Cairo Santos,2016,35,99.9
406,Steven Hauschka,2016,37,99.9
407,Ka'imi Fairbairn,2019,25,99.9
408,Rob Bironas,2005,29,99.9
409,Rian Lindell,2002,29,99.9
410,Connor Barth,2010,28,99.8
411,Dan Carpenter,2012,27,99.8
412,Olindo Mare,2005,30,99.8
413,Harrison Butker,2025,38,99.8
414,Ryan Succop,2018,30,99.7
415,Graham Gano,2014,35,99.7
416,Josh Brown,2005,25,99.6
417,Steven Hauschka,2019,28,99.5
418,Shayne Graham,2014,22,99.5
419,Daniel Carlson,2024,40,99.5
420,Justin Tucker,2023,37,99.5
421,Jason Hanson,2011,29,99.5
422,Nick Novak,2014,26,99.4
423,Ryan Succop,2017,42,99.4
424,Todd Peterson,2001,35,99.4
425,Younghoe Koo,2023,37,99.4
426,Phil Dawson,2002,28,99.3
427,Justin Tucker,2015,40,99.3
428,Stephen Gostkowski,2011,33,99.3
429,Stephen Gostkowski,2016,32,99.2
430,Mason Crosby,2007,39,99.2
431,Graham Gano,2015,36,99.2
432,Jason Hanson,2005,24,99.2
433,Shaun Suisham,2007,33,99.2
434,Phil Dawson,2004,29,99.2
435,Mason Crosby,2018,37,99.2
436,Chandler Catanzaro,2017,30,99.1
437,Greg Joseph,2018,20,99.1
438,Brandon McManus,2018,25,99.1
439,Neil Rackers,2011,38,99.1
440,Robbie Gould,2020,23,99.0
441,Mike Badgley,2022,28,99.0
442,Travis Coons,2015,32,99.0
443,Shayne Graham,2012,38,98.9
444,Olindo Mare,2003,29,98.9
445,Steven Hauschka,2014,37,98.9
446,Tyler Bass,2024,29,98.9
447,Greg Zuerlein,2022,37,98.8
448,Jason Myers,2019,28,98.8
449,Cairo Santos,2015,37,98.7
450,Olindo Mare,2002,31,98.7
451,Cody Parkey,2020,22,98.7
452,Nick Folk,2016,31,98.7
453,Patrick Murray,2017,23,98.6
454,Tyler Loop,2025,34,98.6
455,Lawrence Tynes,2009,32,98.6
456,Randy Bullock,2018,23,98.6
457,Mike Nugent,2015,28,98.5
458,Shayne Graham,2009,28,98.5
459,Gary Anderson,2002,23,98.4
460,Wil Lutz,2025,32,98.4
461,Riley Patterson,2022,35,98.4
462,Mason Crosby,2014,33,98.3
463,Rodrigo Blankenship,2020,37,98.3
464,Greg Zuerlein,2012,31,98.2
465,Stephen Gostkowski,2007,24,98.2
466,Wil Lutz,2023,34,98.2
467,Gary Anderson,2004,22,98.2
468,Mason Crosby,2016,30,98.2
469,Sebastian Janikowski,2018,27,98.1
470,Jeff Wilkins,2002,25,98.1
471,Daniel Carlson,2023,30,98.1
472,Mike Vanderjagt,2004,25,98.1
473,Randy Bullock,2022,20,98.1
474,Billy Cundiff,2003,24,98.1
475,John Kasay,2011,34,98.1
476,Joey Slye,2025,35,98.1
477,Joe Nedney,2006,35,98.0
478,Josh Scobee,2010,28,98.0
479,Robbie Gould,2012,25,97.9
480,Phil Dawson,2010,28,97.9
481,Evan McPherson,2022,29,97.9
482,Shaun Suisham,2009,24,97.8
483,Brandon McManus,2023,37,97.8
484,Jake Elliott,2018,31,97.8
485,Mason Crosby,2022,29,97.8
486,Mike Vanderjagt,2002,31,97.6
487,Adam Vinatieri,2005,25,97.6
488,Tyler Bass,2020,34,97.6
489,Jay Feely,2008,28,97.5
490,John Hall,2002,31,97.5
491,Mike Nugent,2013,22,97.5
492,Cairo Santos,2025,30,97.5
493,Rian Lindell,2004,28,97.5
494,Jason Myers,2023,42,97.5
495,Chase McLaughlin,2019,23,97.5
496,Nick Folk,2014,39,97.5
497,Joshua Karty,2024,34,97.4
498,Joey Slye,2022,30,97.3
499,Nick Novak,2011,34,97.3
500,Harrison Butker,2024,25,97.3
501,Rob Bironas,2013,29,97.3
502,Nate Kaeding,2004,25,97.3
503,Randy Bullock,2015,23,97.2
504,Steven Hauschka,2018,28,97.2
505,Lawrence Tynes,2012,39,97.2
506,Mason Crosby,2010,28,97.1
507,Ryan Succop,2011,30,97.1
508,Matt Gay,2024,37,97.1
509,Billy Cundiff,2004,26,97.1
510,Neil Rackers,2006,37,97.1
511,Graham Gano,2016,38,97.0
512,Lawrence Tynes,2007,27,97.0
513,Steve Christie,2004,28,97.0
514,Daniel Carlson,2025,27,97.0
515,Rian Lindell,2005,32,97.0
516,Dan Carpenter,2010,41,97.0
517,Matt Prater,2014,26,97.0
518,Kris Brown,2006,25,97.0
519,Tyler Bass,2021,32,96.9
520,Bill Gramatica,2002,21,96.9
521,Mike Nugent,2005,28,96.9
522,Lawrence Tynes,2010,23,96.9
523,Will Reichard,2024,30,96.8
524,Greg Zuerlein,2021,35,96.8
525,Brandon McManus,2022,36,96.8
526,Matt Bryant,2002,32,96.7
527,Randy Bullock,2021,31,96.7
528,Nick Folk,2011,25,96.7
529,Josh Scobee,2004,31,96.6
530,Matt Prater,2021,37,96.6
531,Matt Bryant,2008,38,96.6
532,Olindo Mare,2010,30,96.5
533,Brett Maher,2018,36,96.5
534,Stephen Gostkowski,2012,35,96.4
535,Ryan Succop,2012,34,96.4
536,Mike Nugent,2007,36,96.4
537,Jason Sanders,2022,32,96.3
538,Lawrence Tynes,2006,31,96.3
539,David Akers,2005,22,96.3
540,Mike Nugent,2012,23,96.3
541,Jason Hanson,2009,28,96.3
542,Stephen Gostkowski,2018,32,96.2
543,Eddy Pineiro,2024,26,96.2
544,Joey Slye,2020,36,96.2
545,David Akers,2008,40,96.1
546,Sebastian Janikowski,2008,30,96.1
547,Matt Gay,2023,41,96.1
548,Morten Andersen,2004,22,96.1
549,Sebastian Janikowski,2015,26,96.0
550,Jason Elam,2002,36,96.0
551,Rian Lindell,2010,21,96.0
552,Cairo Santos,2014,30,95.9
553,Steve Christie,2003,20,95.9
554,Sebastian Janikowski,2006,25,95.9
555,Jay Feely,2013,36,95.8
556,Josh Scobee,2014,26,95.8
557,Ka'imi Fairbairn,2017,25,95.8
558,Joey Slye,2024,33,95.7
559,Randy Bullock,2020,26,95.7
560,Jason Elam,2005,32,95.6
561,Josh Scobee,2005,30,95.6
562,Matt Bryant,2006,22,95.5
563,Garrett Hartley,2010,25,95.4
564,Mason Crosby,2008,34,95.4
565,Tyler Bass,2023,29,95.4
566,Dustin Hopkins,2016,42,95.4
567,Nate Kaeding,2008,32,95.4
568,Matt Prater,2012,32,95.4
569,Josh Brown,2003,30,95.4
570,Andy Borregales,2025,32,95.3
571,Ryan Longwell,2011,28,95.2
572,Mike Badgley,2021,22,95.2
573,Eddy Pineiro,2019,28,95.2
574,Adam Vinatieri,2012,33,95.1
575,Garrett Hartley,2012,22,95.1
576,Connor Barth,2015,28,95.1
577,Paul Edinger,2003,36,95.0
578,David Buehler,2010,32,94.9
579,Phil Dawson,2017,40,94.9
580,Ryan Succop,2022,38,94.9
581,Adam Vinatieri,2008,25,94.8
582,Blake Grupe,2023,37,94.7
583,Joey Slye,2023,24,94.7
584,Robbie Gould,2022,32,94.7
585,Ryan Fitzgerald,2025,29,94.7
586,Caleb Sturgis,2015,22,94.7
587,Alex Henery,2013,28,94.6
588,Wil Lutz,2020,28,94.6
589,Greg Zuerlein,2014,30,94.6
590,Greg Joseph,2022,33,94.5
591,Jake Moody,2023,25,94.4
592,Dustin Hopkins,2020,34,94.4
593,Rob Bironas,2006,28,94.2
594,Rian Lindell,2008,38,94.2
595,Lawrence Tynes,2004,23,94.1
596,Ryan Succop,2010,26,94.1
597,Jason Sanders,2019,30,94.0
598,Lawrence Tynes,2011,24,94.0
599,Jake Bates,2025,34,93.9
600,Ryan Longwell,2005,27,93.9
601,Rob Bironas,2012,31,93.9
602,Josh Lambo,2016,32,93.9
603,John Carney,2003,30,93.7
604,Anders Carlson,2023,33,93.6
605,Billy Cundiff,2013,26,93.6
606,Kai Forbath,2013,22,93.6
607,Matt Stover,2008,33,93.5
608,Rian Lindell,2013,29,93.5
609,Mike Nugent,2014,33,93.4
610,Olindo Mare,2011,28,93.4
611,Cody Parkey,2016,25,93.4
612,Ryan Succop,2021,30,93.3
613,Greg Joseph,2024,20,93.3
614,Shaun Suisham,2008,32,93.3
615,Blair Walsh,2014,35,93.2
616,Jay Feely,2011,24,93.2
617,Neil Rackers,2007,30,93.1
618,Jay Feely,2004,23,92.8
619,Matt Prater,2020,28,92.7
620,Olindo Mare,2006,36,92.7
621,Paul Edinger,2005,34,92.7
622,Chandler Catanzaro,2016,28,92.5
623,John Carney,2005,32,92.3
624,Nick Folk,2010,39,92.3
625,Matt Prater,2011,25,92.3
626,Caleb Sturgis,2014,37,92.3
627,Greg Joseph,2023,30,92.2
628,Sam Ficken,2019,27,92.1
629,Robbie Gould,2005,27,92.0
630,Greg Zuerlein,2019,33,91.8
631,Mason Crosby,2009,36,91.7
632,Jay Feely,2003,27,91.6
633,Billy Cundiff,2009,23,91.5
634,Nick Folk,2012,27,91.5
635,Jake Moody,2025,23,91.5
636,Jake Elliott,2024,36,91.4
637,Kris Brown,2005,32,91.4
638,Jose Cortez,2001,25,91.4
639,Mike Nugent,2016,29,91.4
640,David Akers,2006,23,91.3
641,Josh Scobee,2008,25,91.3
642,Aaron Elling,2003,25,91.2
643,Josh Brown,2011,28,91.1
644,Billy Cundiff,2011,37,91.0
645,Chandler Catanzaro,2018,20,91.0
646,Blake Grupe,2025,37,90.9
647,Ryan Succop,2013,28,90.8
648,David Akers,2013,24,90.8
649,Billy Cundiff,2014,29,90.8
650,Dave Rayner,2006,35,90.7
651,Brett Maher,2023,23,90.7
652,Brandon McManus,2025,30,90.6
653,Steve Christie,2002,26,90.5
654,Chad Ryland,2025,33,90.5
655,Giorgio Tavecchio,2017,21,90.4
656,Caleb Sturgis,2013,34,90.3
657,Graham Gano,2011,41,90.1
658,Connor Barth,2016,23,90.1
659,Ryan Longwell,2001,31,89.8
660,David Akers,2007,32,89.7
661,Dan Bailey,2017,20,89.7
662,Harrison Butker,2022,24,89.7
663,Brandon McManus,2017,32,89.7
664,Justin Tucker,2024,30,89.5
665,Matt Gay,2025,23,89.4
666,Cody Parkey,2018,30,89.3
667,Jeff Reed,2010,32,89.2
668,Kris Brown,2001,44,89.1
669,Phil Dawson,2006,29,89.0
670,Kris Brown,2004,24,89.0
671,Cade York,2022,32,89.0
672,Stephen Gostkowski,2006,26,89.0
673,Jeff Wilkins,2007,28,88.9
674,Matt Prater,2008,34,88.9
675,Jake Elliott,2025,27,88.6
676,Zane Gonzalez,2017,20,88.6
677,Wil Lutz,2022,31,88.5
678,Robbie Gould,2019,31,88.3
679,Younghoe Koo,2024,34,88.2
680,Jason Sanders,2021,31,88.1
681,Shaun Suisham,2011,31,88.0
682,Zane Gonzalez,2020,22,88.0
683,Jeff Reed,2006,27,88.0
684,Dan Carpenter,2016,25,87.8
685,Jose Cortez,2002,32,87.8
686,Daniel Carlson,2019,26,87.7
687,Adam Vinatieri,2007,29,87.6
688,Chase McLaughlin,2021,21,87.5
689,Jason Myers,2021,23,87.4
690,Chris Boswell,2022,28,87.3
691,Rian Lindell,2001,32,87.3
692,Greg Zuerlein,2015,30,87.2
693,Randy Bullock,2013,35,87.1
694,Josh Scobee,2009,28,86.7
695,Mike Badgley,2020,33,86.5
696,Evan McPherson,2024,22,86.5
697,Adam Vinatieri,2003,34,86.2
698,Stephen Gostkowski,2020,26,86.1
699,Dan Bailey,2018,28,86.0
700,Jeff Reed,2003,31,85.8
701,Sebastian Janikowski,2005,30,85.7
702,Andrew Franks,2016,21,85.5
703,Rian Lindell,2003,24,85.5
704,Lucas Havrisik,2023,20,85.4
705,Blair Walsh,2017,29,85.1
706,Mike Hollis,2001,28,84.9
707,Jake Moody,2024,34,84.5
708,Aldrick Rosas,2017,25,84.1
709,Adam Vinatieri,2019,25,83.8
710,Graham Gano,2010,35,83.7
711,Mason Crosby,2021,34,83.6
712,Sebastian Janikowski,2013,30,83.4
713,Brett Maher,2019,30,83.2
714,Garrett Hartley,2013,30,83.0
715,David Akers,2012,42,82.5
716,Dave Rayner,2007,22,81.9
717,Martin Gramatica,2003,26,81.3
718,Dan Bailey,2020,22,81.3
719,Roberto Aguayo,2016,31,81.1
720,Wade Richey,2001,32,80.9
721,Dustin Hopkins,2024,27,80.3
722,Nick Folk,2009,28,80.0
723,Mason Crosby,2012,33,79.9
724,Paul Edinger,2004,24,79.5
725,Neil Rackers,2001,28,79.1
726,Kris Brown,2009,32,78.8
727,Chris Boswell,2018,20,77.1
728,Jake Arians,2001,21,76.7
729,Seth Marler,2003,33,75.4
730,Chad Ryland,2023,25,75.2
731,Todd Peterson,2002,21,72.3
