player,year,attempts,made,expected_made,kick_plus,tier
Aaron Elling,2003,25,18,19.7,91.2,ranked
Aaron Elling,2004,2,1,1.8,56.2,unranked
Aaron Elling,2005,1,0,0.5,0.0,unranked
Aaron Pettrey,2010,4,2,3.6,55.0,unranked
Adam Vinatieri,2001,30,24,23.0,104.4,ranked
Adam Vinatieri,2002,30,27,23.1,116.7,ranked
Adam Vinatieri,2003,34,25,29.0,86.2,ranked
Adam Vinatieri,2004,33,31,27.5,112.8,ranked
Adam Vinatieri,2005,25,20,20.5,97.6,ranked
Adam Vinatieri,2006,28,25,22.8,109.6,ranked
Adam Vinatieri,2007,29,23,26.3,87.6,ranked
Adam Vinatieri,2008,25,20,21.1,94.8,ranked
Adam Vinatieri,2009,9,7,7.6,92.4,unranked
Adam Vinatieri,2010,28,26,23.8,109.2,ranked
Adam Vinatieri,2011,27,23,22.2,103.5,ranked
Adam Vinatieri,2012,33,26,27.3,95.1,ranked
Adam Vinatieri,2013,40,35,34.0,103.1,ranked
Adam Vinatieri,2014,31,30,26.8,111.7,ranked
Adam Vinatieri,2015,27,25,22.8,109.4,ranked
Adam Vinatieri,2016,31,27,24.0,112.3,ranked
Adam Vinatieri,2017,34,29,28.8,100.8,ranked
Adam Vinatieri,2018,27,23,22.9,100.3,ranked
Adam Vinatieri,2019,25,17,20.3,83.8,ranked
Aldrick Rosas,2017,25,18,21.4,84.1,ranked
Aldrick Rosas,2018,33,32,28.9,110.7,ranked
Aldrick Rosas,2019,17,12,14.8,81.0,small_sample
Aldrick Rosas,2020,11,8,8.9,90.1,small_sample
Aldrick Rosas,2021,5,2,3.8,52.3,unranked
Alex Henery,2011,27,24,23.0,104.5,ranked
Alex Henery,2012,31,27,26.9,100.2,ranked
Alex Henery,2013,28,23,24.3,94.6,ranked
Alex Henery,2014,5,1,3.4,29.1,unranked
Anders Carlson,2023,33,27,28.8,93.6,ranked
Anders Carlson,2024,15,13,12.3,105.4,small_sample
Andre Szmyt,2025,27,24,23.4,102.5,ranked
Andrew Franks,2015,16,13,13.1,99.5,small_sample
Andrew Franks,2016,21,16,18.7,85.5,ranked
Andy Borregales,2025,32,27,28.3,95.3,ranked
Austin Seibert,2019,29,25,23.9,104.8,ranked
Austin Seibert,2020,9,6,7.7,77.6,unranked
Austin Seibert,2021,12,10,9.7,102.9,small_sample
Austin Seibert,2022,5,3,4.0,74.3,unranked
Austin Seibert,2023,1,1,0.9,105.8,unranked
Austin Seibert,2024,30,27,26.1,103.6,ranked
Ben Sauls,2025,8,8,7.5,106.6,unranked
Bill Gramatica,2001,20,16,15.7,102.2,ranked
Bill Gramatica,2002,21,15,15.5,96.9,ranked
Bill Gramatica,2003,4,3,3.1,95.9,unranked
Bill Gramatica,2004,3,3,2.7,109.4,unranked
Billy Cundiff,2002,19,12,14.3,83.7,small_sample
Billy Cundiff,2003,24,20,20.4,98.1,ranked
Billy Cundiff,2004,26,20,20.6,97.1,ranked
Billy Cundiff,2005,8,5,6.7,74.4,unranked
Billy Cundiff,2006,1,0,0.5,0.0,unranked
Billy Cundiff,2009,23,18,19.7,91.5,ranked
Billy Cundiff,2010,29,26,24.9,104.5,ranked
Billy Cundiff,2011,37,28,30.8,91.0,ranked
Billy Cundiff,2012,12,7,9.6,72.7,small_sample
Billy Cundiff,2013,26,21,22.4,93.6,ranked
Billy Cundiff,2014,29,22,24.2,90.8,ranked
Blair Walsh,2012,38,35,31.1,112.5,ranked
Blair Walsh,2013,30,26,26.0,99.9,ranked
Blair Walsh,2014,35,26,27.9,93.2,ranked
Blair Walsh,2015,39,34,33.5,101.4,ranked
Blair Walsh,2016,16,12,13.4,89.6,small_sample
Blair Walsh,2017,29,21,24.7,85.1,ranked
Blake Grupe,2023,37,30,31.7,94.7,ranked
Blake Grupe,2024,31,27,25.7,105.0,ranked
Blake Grupe,2025,37,29,31.9,90.9,ranked
Brad Daluiso,2001,4,3,3.3,89.8,unranked
Bradley Pinion,2021,1,0,0.4,0.0,unranked
Brandon Aubrey,2023,38,36,33.0,109.1,ranked
Brandon Aubrey,2024,47,40,36.1,110.9,ranked
Brandon Aubrey,2025,42,36,34.2,105.3,ranked
Brandon Coutu,2011,1,0,0.7,0.0,unranked
Brandon McManus,2014,13,9,11.2,80.6,small_sample
Brandon McManus,2015,35,30,30.0,100.1,ranked
Brandon McManus,2016,34,29,28.2,103.0,ranked
Brandon McManus,2017,32,24,26.8,89.7,ranked
Brandon McManus,2018,25,20,20.2,99.1,ranked
Brandon McManus,2019,34,29,26.6,109.0,ranked
Brandon McManus,2020,34,28,25.7,108.9,ranked
Brandon McManus,2021,31,26,25.5,101.8,ranked
Brandon McManus,2022,36,28,28.9,96.8,ranked
Brandon McManus,2023,37,30,30.7,97.8,ranked
Brandon McManus,2024,21,20,18.6,107.7,ranked
Brandon McManus,2025,30,24,26.5,90.6,ranked
Brayden Narveson,2024,18,12,15.3,78.5,small_sample
Brett Conway,2001,33,26,25.2,103.3,ranked
Brett Conway,2002,1,1,0.8,119.8,unranked
Brett Conway,2003,19,14,15.5,90.4,small_sample
Brett Maher,2018,36,29,30.0,96.5,ranked
Brett Maher,2019,30,20,24.0,83.2,ranked
Brett Maher,2021,18,16,16.1,99.3,small_sample
Brett Maher,2022,32,29,26.5,109.6,ranked
Brett Maher,2023,23,17,18.7,90.7,ranked
Brian Johnson,2021,10,10,9.2,108.7,small_sample
Cade York,2022,32,24,27.0,89.0,ranked
Cade York,2024,13,9,11.4,78.7,small_sample
Cairo Santos,2014,30,25,26.1,95.9,ranked
Cairo Santos,2015,37,30,30.4,98.7,ranked
Cairo Santos,2016,35,31,31.0,99.9,ranked
Cairo Santos,2017,5,4,4.1,96.7,unranked
Cairo Santos,2018,18,14,15.8,88.6,small_sample
Cairo Santos,2019,9,4,6.6,60.3,unranked
Cairo Santos,2020,32,30,28.0,107.1,ranked
Cairo Santos,2021,30,26,25.8,100.9,ranked
Cairo Santos,2022,23,21,19.5,107.7,ranked
Cairo Santos,2023,38,35,32.8,106.9,ranked
Cairo Santos,2024,25,21,20.3,103.4,ranked
Cairo Santos,2025,30,25,25.6,97.5,ranked
Caleb Shudak,2022,4,3,3.7,80.3,unranked
Caleb Sturgis,2013,34,26,28.8,90.3,ranked
Caleb Sturgis,2014,37,29,31.4,92.3,ranked
Caleb Sturgis,2015,22,18,19.0,94.7,ranked
Caleb Sturgis,2016,41,35,34.8,100.5,ranked
Caleb Sturgis,2017,3,3,2.4,127.1,unranked
Caleb Sturgis,2018,13,9,11.0,81.5,small_sample
Cam Little,2024,29,27,24.7,109.5,ranked
Cam Little,2025,34,30,28.4,105.6,ranked
Cameron Dicker,2022,22,21,19.6,107.1,ranked
Cameron Dicker,2023,33,31,27.8,111.3,ranked
Cameron Dicker,2024,42,39,35.4,110.2,ranked
Cameron Dicker,2025,41,38,36.0,105.6,ranked
Cedric Oglesby,2001,6,5,5.1,98.2,unranked
Chad Ryland,2023,25,16,21.3,75.2,ranked
Chad Ryland,2024,32,28,27.5,101.7,ranked
Chad Ryland,2025,33,25,27.6,90.5,ranked
Chandler Catanzaro,2014,33,29,27.9,104.0,ranked
Chandler Catanzaro,2015,31,28,27.8,100.7,ranked
Chandler Catanzaro,2016,28,21,22.7,92.5,ranked
Chandler Catanzaro,2017,30,25,25.2,99.1,ranked
Chandler Catanzaro,2018,20,16,17.6,91.0,ranked
Charlie Smyth,2025,16,12,13.0,92.5,small_sample
Chase McLaughlin,2019,23,18,18.5,97.5,ranked
Chase McLaughlin,2020,5,4,3.5,115.5,unranked
Chase McLaughlin,2021,21,15,17.1,87.5,ranked
Chase McLaughlin,2022,36,30,29.7,101.1,ranked
Chase McLaughlin,2023,31,29,27.1,106.9,ranked
Chase McLaughlin,2024,32,30,27.6,108.8,ranked
Chase McLaughlin,2025,38,32,32.0,100.1,ranked
Chris Blewitt,2021,5,2,3.8,53.0,unranked
Chris Boswell,2015,32,29,27.7,104.6,ranked
Chris Boswell,2016,25,21,20.9,100.6,ranked
Chris Boswell,2017,38,35,32.6,107.5,ranked
Chris Boswell,2018,20,13,16.9,77.1,ranked
Chris Boswell,2019,31,29,26.5,109.3,ranked
Chris Boswell,2020,20,19,17.5,108.6,ranked
Chris Boswell,2021,40,36,33.4,107.7,ranked
Chris Boswell,2022,28,20,22.9,87.3,ranked
Chris Boswell,2023,31,29,26.5,109.2,ranked
Chris Boswell,2024,44,41,36.6,112.1,ranked
Chris Boswell,2025,32,27,26.4,102.1,ranked
Chris Naggar,2021,1,1,0.9,107.5,unranked
Clint Stitser,2010,8,7,7.3,96.3,unranked
Cody Parkey,2014,36,32,31.3,102.1,ranked
Cody Parkey,2015,4,3,3.4,87.5,unranked
Cody Parkey,2016,25,20,21.4,93.4,ranked
Cody Parkey,2017,23,21,19.7,106.6,ranked
Cody Parkey,2018,30,23,25.8,89.3,ranked
Cody Parkey,2019,3,3,2.0,149.0,unranked
Cody Parkey,2020,22,19,19.3,98.7,ranked
Connor Barth,2008,12,10,10.9,92.0,small_sample
Connor Barth,2009,19,14,14.2,98.5,small_sample
Connor Barth,2010,28,23,23.0,99.8,ranked
Connor Barth,2011,28,26,22.4,116.1,ranked
Connor Barth,2012,33,28,26.3,106.3,ranked
Connor Barth,2014,16,15,14.1,106.1,small_sample
Connor Barth,2015,28,23,24.2,95.1,ranked
Connor Barth,2016,23,18,20.0,90.1,ranked
Connor Barth,2017,16,11,13.5,81.6,small_sample
Craig Hentrich,2003,5,4,3.6,112.5,unranked
Craig Hentrich,2004,3,1,1.8,55.3,unranked
Dan Bailey,2011,37,32,30.8,104.0,ranked
Dan Bailey,2012,31,29,26.1,111.0,ranked
Dan Bailey,2013,30,28,25.1,111.4,ranked
Dan Bailey,2014,29,25,23.5,106.2,ranked
Dan Bailey,2015,32,30,27.5,109.1,ranked
Dan Bailey,2016,32,27,26.7,101.3,ranked
Dan Bailey,2017,20,15,16.7,89.7,ranked
Dan Bailey,2018,28,21,24.4,86.0,ranked
Dan Bailey,2019,29,27,24.8,108.8,ranked
Dan Bailey,2020,22,15,18.5,81.3,ranked
Dan Carpenter,2008,25,21,20.5,102.3,ranked
Dan Carpenter,2009,28,25,23.0,108.5,ranked
Dan Carpenter,2010,41,30,30.9,97.0,ranked
Dan Carpenter,2011,34,29,28.2,102.7,ranked
Dan Carpenter,2012,27,22,22.0,99.8,ranked
Dan Carpenter,2013,36,33,31.3,105.4,ranked
Dan Carpenter,2014,38,34,31.7,107.2,ranked
Dan Carpenter,2015,27,23,22.7,101.1,ranked
Dan Carpenter,2016,25,19,21.6,87.8,ranked
Daniel Carlson,2018,21,17,16.8,101.1,ranked
Daniel Carlson,2019,26,19,21.7,87.7,ranked
Daniel Carlson,2020,35,33,31.4,105.0,ranked
Daniel Carlson,2021,43,40,36.9,108.5,ranked
Daniel Carlson,2022,37,34,31.3,108.6,ranked
Daniel Carlson,2023,30,26,26.5,98.1,ranked
Daniel Carlson,2024,40,34,34.2,99.5,ranked
Daniel Carlson,2025,27,22,22.7,97.0,ranked
Danny Boyd,2002,5,5,4.5,111.2,unranked
Dare Ogunbowale,2023,1,1,1.0,101.7,unranked
Dave Rayner,2005,1,0,0.5,0.0,unranked
Dave Rayner,2006,35,26,28.7,90.7,ranked
Dave Rayner,2007,22,15,18.3,81.9,ranked
Dave Rayner,2008,1,1,1.0,101.9,unranked
Dave Rayner,2010,16,13,12.5,103.9,small_sample
Dave Rayner,2011,15,10,12.7,78.9,small_sample
David Akers,2001,31,26,23.8,109.1,ranked
David Akers,2002,34,30,27.4,109.6,ranked
David Akers,2003,29,24,22.9,104.8,ranked
David Akers,2004,32,27,24.3,111.0,ranked
David Akers,2005,22,16,16.6,96.3,ranked
David Akers,2006,23,18,19.7,91.3,ranked
David Akers,2007,32,24,26.7,89.7,ranked
David Akers,2008,40,33,34.3,96.1,ranked
David Akers,2009,37,32,30.3,105.7,ranked
David Akers,2010,38,32,31.8,100.5,ranked
David Akers,2011,52,44,43.7,100.6,ranked
David Akers,2012,42,29,35.2,82.5,ranked
David Akers,2013,24,19,20.9,90.8,ranked
David Buehler,2010,32,24,25.3,94.9,ranked
Dominik Eberle,2021,3,2,2.3,85.7,unranked
Dominik Eberle,2022,1,1,0.8,124.3,unranked
Doug Brien,2001,6,5,4.5,110.2,unranked
Doug Brien,2002,6,5,4.9,101.1,unranked
Doug Brien,2003,28,27,22.8,118.7,ranked
Doug Brien,2004,29,24,23.6,101.5,ranked
Doug Brien,2005,4,1,3.1,31.9,unranked
Dustin Hopkins,2015,28,25,24.0,104.1,ranked
Dustin Hopkins,2016,42,34,35.6,95.4,ranked
Dustin Hopkins,2017,17,14,15.0,93.6,small_sample
Dustin Hopkins,2018,29,26,23.6,110.0,ranked
Dustin Hopkins,2019,30,25,25.0,100.1,ranked
Dustin Hopkins,2020,34,27,28.6,94.4,ranked
Dustin Hopkins,2021,34,30,28.7,104.4,ranked
Dustin Hopkins,2022,10,9,9.1,99.1,small_sample
Dustin Hopkins,2023,36,33,30.4,108.6,ranked
Dustin Hopkins,2024,27,18,22.4,80.3,ranked
Eddy Pineiro,2019,28,23,24.2,95.2,ranked
Eddy Pineiro,2021,8,8,6.8,116.9,unranked
Eddy Pineiro,2022,35,33,30.3,109.0,ranked
Eddy Pineiro,2023,29,25,24.5,101.9,ranked
Eddy Pineiro,2024,26,22,22.9,96.2,ranked
Eddy Pineiro,2025,29,28,24.6,113.8,ranked
Elliott Fry,2020,1,1,1.0,104.0,unranked
Elliott Fry,2021,5,4,4.5,88.9,unranked
Evan McPherson,2021,33,28,26.8,104.6,ranked
Evan McPherson,2022,29,24,24.5,97.9,ranked
Evan McPherson,2023,31,26,25.3,102.9,ranked
Evan McPherson,2024,22,16,18.5,86.5,ranked
Evan McPherson,2025,28,25,23.2,107.6,ranked
Garrett Hartley,2008,13,13,11.5,113.5,small_sample
Garrett Hartley,2009,11,9,9.5,95.2,small_sample
Garrett Hartley,2010,25,20,21.0,95.4,ranked
Garrett Hartley,2012,22,18,18.9,95.1,ranked
Garrett Hartley,2013,30,22,26.5,83.0,ranked
Garrett Hartley,2014,3,3,2.6,116.5,unranked
Gary Anderson,2001,18,15,14.2,105.6,small_sample
Gary Anderson,2002,23,18,18.3,98.4,ranked
Gary Anderson,2003,31,27,24.4,110.5,ranked
Gary Anderson,2004,22,17,17.3,98.2,ranked
Giorgio Tavecchio,2017,21,16,17.7,90.4,ranked
Giorgio Tavecchio,2018,5,5,3.8,131.5,unranked
Graham Gano,2009,4,4,3.4,117.9,unranked
Graham Gano,2010,35,24,28.7,83.7,ranked
Graham Gano,2011,41,31,34.4,90.1,ranked
Graham Gano,2012,11,9,9.2,97.7,small_sample
Graham Gano,2013,27,24,23.2,103.5,ranked
Graham Gano,2014,35,29,29.1,99.7,ranked
Graham Gano,2015,36,30,30.2,99.2,ranked
Graham Gano,2016,38,30,30.9,97.0,ranked
Graham Gano,2017,30,29,25.9,111.9,ranked
Graham Gano,2018,16,14,13.1,107.3,small_sample
Graham Gano,2020,32,31,27.2,114.1,ranked
Graham Gano,2021,33,29,27.6,104.9,ranked
Graham Gano,2022,32,29,26.4,110.0,ranked
Graham Gano,2023,17,11,14.2,77.2,small_sample
Graham Gano,2024,11,9,9.1,98.8,small_sample
Graham Gano,2025,10,9,9.0,99.5,small_sample
Greg Joseph,2018,20,17,17.2,99.1,ranked
Greg Joseph,2021,38,33,32.1,102.7,ranked
Greg Joseph,2022,33,26,27.5,94.5,ranked
Greg Joseph,2023,30,24,26.0,92.2,ranked
Greg Joseph,2024,20,16,17.2,93.3,ranked
Greg Zuerlein,2012,31,23,23.4,98.2,ranked
Greg Zuerlein,2013,28,26,24.7,105.5,ranked
Greg Zuerlein,2014,30,24,25.4,94.6,ranked
Greg Zuerlein,2015,30,20,22.9,87.2,ranked
Greg Zuerlein,2016,22,19,18.6,102.3,ranked
Greg Zuerlein,2017,40,38,33.2,114.3,ranked
Greg Zuerlein,2018,31,27,26.7,101.0,ranked
Greg Zuerlein,2019,33,24,26.1,91.8,ranked
Greg Zuerlein,2020,41,34,33.8,100.6,ranked
Greg Zuerlein,2021,35,29,30.0,96.8,ranked
Greg Zuerlein,2022,37,30,30.4,98.8,ranked
Greg Zuerlein,2023,38,35,32.6,107.3,ranked
Greg Zuerlein,2024,15,9,13.3,67.5,small_sample
Harrison Butker,2017,42,38,35.5,107.1,ranked
Harrison Butker,2018,27,24,23.4,102.7,ranked
Harrison Butker,2019,38,34,30.8,110.5,ranked
Harrison Butker,2020,27,25,23.8,105.1,ranked
Harrison Butker,2021,28,25,23.1,108.1,ranked
Harrison Butker,2022,24,18,20.1,89.7,ranked
Harrison Butker,2023,35,33,30.9,106.6,ranked
Harrison Butker,2024,25,21,21.6,97.3,ranked
Harrison Butker,2025,38,33,33.1,99.8,ranked
Harrison Mevis,2025,13,12,11.5,104.4,small_sample
Hayden Epstein,2002,9,5,7.1,70.1,unranked
J.R. Jenkins,2002,1,0,0.5,0.0,unranked
Jake Arians,2001,21,12,15.7,76.7,ranked
Jake Bates,2024,29,26,23.8,109.2,ranked
Jake Bates,2025,34,27,28.8,93.9,ranked
Jake Elliott,2017,31,26,25.1,103.6,ranked
Jake Elliott,2018,31,26,26.6,97.8,ranked
Jake Elliott,2019,26,22,21.5,102.2,ranked
Jake Elliott,2020,19,14,15.8,88.5,small_sample
Jake Elliott,2021,33,30,28.3,105.8,ranked
Jake Elliott,2022,23,20,20.0,100.1,ranked
Jake Elliott,2023,32,30,27.4,109.5,ranked
Jake Elliott,2024,36,28,30.6,91.4,ranked
Jake Elliott,2025,27,20,22.6,88.6,ranked
Jake Moody,2023,25,21,22.2,94.4,ranked
Jake Moody,2024,34,24,28.4,84.5,ranked
Jake Moody,2025,23,19,20.8,91.5,ranked
James Tuthill,2002,16,10,12.4,80.6,small_sample
Jamie Gillan,2020,1,0,0.1,0.0,unranked
Jamie Gillan,2023,1,1,0.8,125.6,unranked
Jason Elam,2001,36,31,26.6,116.5,ranked
Jason Elam,2002,36,26,27.1,96.0,ranked
Jason Elam,2003,28,25,23.2,107.9,ranked
Jason Elam,2004,34,29,27.2,106.6,ranked
Jason Elam,2005,32,24,25.1,95.6,ranked
Jason Elam,2006,29,27,24.5,110.4,ranked
Jason Elam,2007,31,27,25.7,105.0,ranked
Jason Elam,2008,31,29,26.7,108.5,ranked
Jason Elam,2009,19,12,15.3,78.5,small_sample
Jason Hanson,2001,30,21,20.0,104.9,ranked
Jason Hanson,2002,28,23,21.7,105.8,ranked
Jason Hanson,2003,23,22,17.9,122.9,ranked
Jason Hanson,2004,28,24,23.4,102.6,ranked
Jason Hanson,2005,24,19,19.2,99.2,ranked
Jason Hanson,2006,33,29,26.3,110.3,ranked
Jason Hanson,2007,35,29,28.1,103.2,ranked
Jason Hanson,2008,22,21,17.3,121.4,ranked
Jason Hanson,2009,28,21,21.8,96.3,ranked
Jason Hanson,2010,14,12,10.4,115.0,small_sample
Jason Hanson,2011,29,24,24.1,99.5,ranked
Jason Hanson,2012,36,32,29.9,107.0,ranked
Jason Myers,2015,30,26,26.0,100.0,ranked
Jason Myers,2016,34,27,25.8,104.8,ranked
Jason Myers,2017,15,11,12.6,87.4,small_sample
Jason Myers,2018,36,33,30.0,109.9,ranked
Jason Myers,2019,28,23,23.3,98.8,ranked
Jason Myers,2020,24,24,19.7,122.0,ranked
Jason Myers,2021,23,17,19.5,87.4,ranked
Jason Myers,2022,37,34,32.6,104.4,ranked
Jason Myers,2023,42,35,35.9,97.5,ranked
Jason Myers,2024,30,26,23.4,110.9,ranked
Jason Myers,2025,48,41,40.7,100.6,ranked
Jason Sanders,2018,20,18,17.2,104.5,ranked
Jason Sanders,2019,30,23,24.5,94.0,ranked
Jason Sanders,2020,39,36,32.5,110.9,ranked
Jason Sanders,2021,31,23,26.1,88.1,ranked
Jason Sanders,2022,32,26,27.0,96.3,ranked
Jason Sanders,2023,28,24,23.7,101.1,ranked
Jason Sanders,2024,41,37,34.5,107.1,ranked
Jay Feely,2001,37,29,28.8,100.8,ranked
Jay Feely,2002,40,32,31.0,103.2,ranked
Jay Feely,2003,27,19,20.7,91.6,ranked
Jay Feely,2004,23,18,19.4,92.8,ranked
Jay Feely,2005,42,35,34.0,102.9,ranked
Jay Feely,2006,27,23,22.5,102.4,ranked
Jay Feely,2007,23,21,19.2,109.2,ranked
Jay Feely,2008,28,24,24.6,97.5,ranked
Jay Feely,2009,36,30,29.1,103.1,ranked
Jay Feely,2010,27,24,22.0,109.3,ranked
Jay Feely,2011,24,19,20.4,93.2,ranked
Jay Feely,2012,28,25,23.7,105.4,ranked
Jay Feely,2013,36,30,31.3,95.8,ranked
Jay Feely,2014,4,3,3.4,87.6,unranked
Jay Taylor,2004,5,4,3.8,106.3,unranked
Jeff Chandler,2002,12,8,8.7,92.4,small_sample
Jeff Chandler,2003,7,6,6.3,94.9,unranked
Jeff Chandler,2004,8,5,6.8,73.5,unranked
Jeff Feagles,2003,1,0,1.0,0.0,unranked
Jeff Reed,2002,19,17,14.4,117.9,small_sample
Jeff Reed,2003,31,22,25.6,85.8,ranked
Jeff Reed,2004,33,28,27.2,102.9,ranked
Jeff Reed,2005,29,24,23.7,101.3,ranked
Jeff Reed,2006,27,20,22.7,88.0,ranked
Jeff Reed,2007,25,23,21.3,107.8,ranked
Jeff Reed,2008,31,27,26.7,101.3,ranked
Jeff Reed,2009,31,27,25.9,104.3,ranked
Jeff Reed,2010,32,24,26.9,89.2,ranked
Jeff Wilkins,2001,29,23,22.4,102.8,ranked
Jeff Wilkins,2002,25,19,19.4,98.1,ranked
Jeff Wilkins,2003,42,39,34.4,113.3,ranked
Jeff Wilkins,2004,24,19,19.0,100.2,ranked
Jeff Wilkins,2005,26,23,21.4,107.7,ranked
Jeff Wilkins,2006,37,32,29.8,107.3,ranked
Jeff Wilkins,2007,28,21,23.6,88.9,ranked
Joe Nedney,2001,28,20,20.0,100.1,ranked
Joe Nedney,2002,31,25,24.7,101.3,ranked
Joe Nedney,2003,1,1,0.5,194.7,unranked
Joe Nedney,2005,28,26,21.9,119.0,ranked
Joe Nedney,2006,35,29,29.6,98.0,ranked
Joe Nedney,2007,19,17,15.5,109.5,small_sample
Joe Nedney,2008,33,29,28.0,103.7,ranked
Joe Nedney,2009,21,17,16.6,102.7,ranked
Joe Nedney,2010,13,11,10.7,103.2,small_sample
Joey Slye,2019,32,25,23.6,106.0,ranked
Joey Slye,2020,36,29,30.1,96.2,ranked
Joey Slye,2021,25,23,21.7,106.0,ranked
Joey Slye,2022,30,25,25.7,97.3,ranked
Joey Slye,2023,24,19,20.1,94.7,ranked
Joey Slye,2024,33,26,27.2,95.7,ranked
Joey Slye,2025,35,28,28.6,98.1,ranked
John Carney,2001,31,27,23.7,114.0,ranked
John Carney,2002,35,31,27.6,112.5,ranked
John Carney,2003,30,22,23.5,93.7,ranked
John Carney,2004,27,22,21.2,103.6,ranked
John Carney,2005,32,25,27.1,92.3,ranked
John Carney,2006,25,23,21.3,107.8,ranked
John Carney,2007,14,12,12.4,97.1,small_sample
John Carney,2008,37,34,33.3,102.1,ranked
John Carney,2009,17,13,14.7,88.6,small_sample
John Carney,2010,6,5,5.5,91.7,unranked
John Hall,2001,31,24,23.1,104.1,ranked
John Hall,2002,31,24,24.6,97.5,ranked
John Hall,2003,33,25,25.0,100.1,ranked
John Hall,2004,11,8,9.1,87.9,small_sample
John Hall,2005,14,12,11.2,107.0,small_sample
John Hall,2006,11,9,9.2,97.5,small_sample
John Kasay,2001,28,23,21.0,109.7,ranked
John Kasay,2002,5,2,3.7,54.3,unranked
John Kasay,2003,38,32,30.2,106.0,ranked
John Kasay,2004,22,19,17.7,107.3,ranked
John Kasay,2005,34,26,25.4,102.3,ranked
John Kasay,2006,27,24,20.4,117.9,ranked
John Kasay,2007,28,24,23.5,102.3,ranked
John Kasay,2008,31,28,25.9,108.3,ranked
John Kasay,2009,27,22,21.7,101.5,ranked
John Kasay,2010,29,25,22.9,109.3,ranked
John Kasay,2011,34,28,28.5,98.1,ranked
John Parker Romo,2024,12,11,10.3,106.8,small_sample
John Parker Romo,2025,14,11,12.5,88.1,small_sample
John Potter,2013,4,3,3.5,86.5,unranked
Johnny Hekker,2018,1,1,1.0,101.5,unranked
Jon Brown,2020,2,1,1.9,53.8,unranked
Jon Hilbert,2001,16,11,12.1,90.8,small_sample
Jon Hilbert,2002,2,0,1.5,0.0,unranked
Jose Cortez,2001,25,18,19.7,91.4,ranked
Jose Cortez,2002,32,23,26.2,87.8,ranked
Jose Cortez,2005,17,12,14.3,84.1,small_sample
Josh Brown,2003,30,22,23.1,95.4,ranked
Josh Brown,2004,25,23,20.7,111.0,ranked
Josh Brown,2005,25,18,18.1,99.6,ranked
Josh Brown,2006,31,25,24.5,102.0,ranked
Josh Brown,2007,34,28,27.1,103.2,ranked
Josh Brown,2008,36,31,29.2,106.2,ranked
Josh Brown,2009,24,19,17.9,106.1,ranked
Josh Brown,2010,39,33,32.7,100.9,ranked
Josh Brown,2011,28,21,23.0,91.1,ranked
Josh Brown,2012,12,11,10.1,108.8,small_sample
Josh Brown,2013,26,23,23.0,100.0,ranked
Josh Brown,2014,26,24,22.3,107.5,ranked
Josh Brown,2015,32,30,27.7,108.2,ranked
Josh Brown,2016,12,11,10.4,105.7,small_sample
Josh Lambo,2015,32,26,25.4,102.2,ranked
Josh Lambo,2016,32,26,27.7,93.9,ranked
Josh Lambo,2017,20,19,16.8,113.3,ranked
Josh Lambo,2018,21,19,17.8,107.0,ranked
Josh Lambo,2019,34,33,28.8,114.6,ranked
Josh Lambo,2020,5,5,4.0,125.2,unranked
Josh Lambo,2021,3,0,2.1,0.0,unranked
Josh Scobee,2004,31,24,24.8,96.6,ranked
Josh Scobee,2005,30,23,24.1,95.6,ranked
Josh Scobee,2006,32,26,25.4,102.3,ranked
Josh Scobee,2007,13,12,11.4,105.3,small_sample
Josh Scobee,2008,25,19,20.8,91.3,ranked
Josh Scobee,2009,28,18,20.8,86.7,ranked
Josh Scobee,2010,28,22,22.5,98.0,ranked
Josh Scobee,2011,25,23,20.1,114.5,ranked
Josh Scobee,2012,28,25,23.7,105.7,ranked
Josh Scobee,2013,25,23,20.9,109.9,ranked
Josh Scobee,2014,26,20,20.9,95.8,ranked
Josh Scobee,2015,10,6,8.2,73.2,small_sample
Joshua Karty,2024,34,29,29.8,97.4,ranked
Joshua Karty,2025,15,10,13.3,74.9,small_sample
Jude McAtamney,2024,1,1,0.9,106.1,unranked
Jude McAtamney,2025,2,2,1.9,104.7,unranked
Justin Medlock,2007,2,1,1.9,53.8,unranked
Justin Medlock,2012,10,7,8.4,83.0,small_sample
Justin Tucker,2012,33,30,27.8,108.1,ranked
Justin Tucker,2013,41,38,35.0,108.5,ranked
Justin Tucker,2014,34,29,27.8,104.3,ranked
Justin Tucker,2015,40,33,33.2,99.3,ranked
Justin Tucker,2016,39,38,30.8,123.2,ranked
Justin Tucker,2017,37,34,30.4,111.8,ranked
Justin Tucker,2018,39,35,33.0,106.2,ranked
Justin Tucker,2019,29,28,24.5,114.2,ranked
Justin Tucker,2020,29,26,24.2,107.4,ranked
Justin Tucker,2021,37,35,30.8,113.8,ranked
Justin Tucker,2022,43,37,36.1,102.6,ranked
Justin Tucker,2023,37,32,32.2,99.5,ranked
Justin Tucker,2024,30,22,24.6,89.5,ranked
Ka'imi Fairbairn,2017,25,20,20.9,95.8,ranked
Ka'imi Fairbairn,2018,42,37,35.5,104.1,ranked
Ka'imi Fairbairn,2019,25,20,20.0,99.9,ranked
Ka'imi Fairbairn,2020,31,27,26.5,101.9,ranked
Ka'imi Fairbairn,2021,19,15,15.5,96.6,small_sample
Ka'imi Fairbairn,2022,31,29,26.5,109.6,ranked
Ka'imi Fairbairn,2023,28,27,25.0,107.8,ranked
Ka'imi Fairbairn,2024,42,36,35.5,101.4,ranked
Ka'imi Fairbairn,2025,48,44,40.7,108.2,ranked
Kaare Vedvik,2019,1,0,0.7,0.0,unranked
Kai Forbath,2012,18,17,15.0,113.3,small_sample
Kai Forbath,2013,22,18,19.2,93.6,ranked
Kai Forbath,2014,27,24,23.9,100.6,ranked
Kai Forbath,2015,15,10,12.5,80.1,small_sample
Kai Forbath,2016,15,15,13.2,113.8,small_sample
Kai Forbath,2017,38,32,31.8,100.7,ranked
Kai Forbath,2018,5,4,4.3,92.6,unranked
Kai Forbath,2019,11,11,8.5,130.0,small_sample
Kai Forbath,2020,3,2,2.7,73.3,unranked
Kris Brown,2001,44,30,33.7,89.1,ranked
Kris Brown,2002,24,17,16.2,105.1,ranked
Kris Brown,2003,22,18,16.7,107.7,ranked
Kris Brown,2004,24,17,19.1,89.0,ranked
Kris Brown,2005,32,25,27.4,91.4,ranked
Kris Brown,2006,25,19,19.6,97.0,ranked
Kris Brown,2007,29,25,22.8,109.7,ranked
Kris Brown,2008,33,29,28.2,102.8,ranked
Kris Brown,2009,32,21,26.6,78.8,ranked
Kris Brown,2010,5,4,4.2,95.7,unranked
Kyle Brindza,2015,12,6,9.7,61.7,small_sample
Lawrence Tynes,2004,23,17,18.1,94.1,ranked
Lawrence Tynes,2005,33,27,26.9,100.2,ranked
Lawrence Tynes,2006,31,24,24.9,96.3,ranked
Lawrence Tynes,2007,27,23,23.7,97.0,ranked
Lawrence Tynes,2008,1,1,1.0,100.0,unranked
Lawrence Tynes,2009,32,27,27.4,98.6,ranked
Lawrence Tynes,2010,23,19,19.6,96.9,ranked
Lawrence Tynes,2011,24,19,20.2,94.0,ranked
Lawrence Tynes,2012,39,33,33.9,97.2,ranked
Lirim Hajrullahu,2021,5,4,4.6,86.6,unranked
Lucas Havrisik,2023,20,15,17.6,85.4,ranked
Lucas Havrisik,2025,4,4,3.2,123.1,unranked
Martin Gramatica,2001,29,23,22.9,100.3,ranked
Martin Gramatica,2002,39,32,29.6,108.1,ranked
Martin Gramatica,2003,26,16,19.7,81.3,ranked
Martin Gramatica,2004,19,11,15.8,69.5,small_sample
Martin Gramatica,2006,9,7,7.3,95.9,unranked
Martin Gramatica,2007,5,5,3.8,133.2,unranked
Martin Gramatica,2008,8,5,6.4,78.1,unranked
Mason Crosby,2007,39,31,31.2,99.2,ranked
Mason Crosby,2008,34,27,28.3,95.4,ranked
Mason Crosby,2009,36,27,29.4,91.7,ranked
Mason Crosby,2010,28,22,22.6,97.1,ranked
Mason Crosby,2011,28,24,23.7,101.3,ranked
Mason Crosby,2012,33,21,26.3,79.9,ranked
Mason Crosby,2013,37,33,32.3,102.1,ranked
Mason Crosby,2014,33,27,27.5,98.3,ranked
Mason Crosby,2015,28,24,23.3,103.2,ranked
Mason Crosby,2016,30,26,26.5,98.2,ranked
Mason Crosby,2017,19,15,16.6,90.5,small_sample
Mason Crosby,2018,37,30,30.2,99.2,ranked
Mason Crosby,2019,24,22,19.9,110.6,ranked
Mason Crosby,2020,16,16,13.3,120.3,small_sample
Mason Crosby,2021,34,25,29.9,83.6,ranked
Mason Crosby,2022,29,25,25.6,97.8,ranked
Mason Crosby,2023,7,5,6.0,82.8,unranked
Matt Ammendola,2021,19,13,16.4,79.1,small_sample
Matt Ammendola,2022,7,5,6.6,76.1,unranked
Matt Ammendola,2023,9,6,7.8,77.1,unranked
Matt Bryant,2002,32,26,26.9,96.7,ranked
Matt Bryant,2003,14,11,11.4,96.1,small_sample
Matt Bryant,2004,4,3,3.1,96.0,unranked
Matt Bryant,2005,25,21,19.5,107.7,ranked
Matt Bryant,2006,22,17,17.8,95.5,ranked
Matt Bryant,2007,33,28,27.9,100.2,ranked
Matt Bryant,2008,38,32,33.1,96.6,ranked
Matt Bryant,2009,10,7,7.8,89.5,small_sample
Matt Bryant,2010,31,28,26.3,106.3,ranked
Matt Bryant,2011,29,27,25.0,108.0,ranked
Matt Bryant,2012,38,33,32.4,101.9,ranked
Matt Bryant,2013,27,24,23.5,101.9,ranked
Matt Bryant,2014,32,29,25.9,112.1,ranked
Matt Bryant,2015,18,14,15.5,90.4,small_sample
Matt Bryant,2016,37,34,30.7,110.7,ranked
Matt Bryant,2017,39,34,32.3,105.1,ranked
Matt Bryant,2018,21,20,17.2,116.2,ranked
Matt Bryant,2019,14,9,10.3,87.4,small_sample
Matt Gay,2019,35,27,27.0,100.1,ranked
Matt Gay,2020,16,14,13.8,101.4,small_sample
Matt Gay,2021,34,32,29.5,108.6,ranked
Matt Gay,2022,30,28,25.4,110.3,ranked
Matt Gay,2023,41,33,34.3,96.1,ranked
Matt Gay,2024,37,31,31.9,97.1,ranked
Matt Gay,2025,23,17,19.0,89.4,ranked
Matt McCrane,2018,12,8,9.9,80.5,small_sample
Matt Prater,2007,4,1,3.2,31.5,unranked
Matt Prater,2008,34,25,28.1,88.9,ranked
Matt Prater,2009,35,30,29.1,102.9,ranked
Matt Prater,2010,18,16,14.4,110.9,small_sample
Matt Prater,2011,25,19,20.6,92.3,ranked
Matt Prater,2012,32,26,27.3,95.4,ranked
Matt Prater,2013,26,25,21.5,116.4,ranked
Matt Prater,2014,26,21,21.7,97.0,ranked
Matt Prater,2015,24,22,20.0,110.3,ranked
Matt Prater,2016,36,31,29.4,105.4,ranked
Matt Prater,2017,35,30,28.6,104.7,ranked
Matt Prater,2018,32,28,27.7,100.9,ranked
Matt Prater,2019,31,26,24.7,105.4,ranked
Matt Prater,2020,28,21,22.6,92.7,ranked
Matt Prater,2021,37,30,31.1,96.6,ranked
Matt Prater,2022,25,22,20.8,105.5,ranked
Matt Prater,2023,33,28,27.2,102.9,ranked
Matt Prater,2024,6,6,4.9,121.5,unranked
Matt Prater,2025,20,18,17.8,101.0,ranked
Matt Stover,2001,35,30,29.0,103.4,ranked
Matt Stover,2002,25,21,19.6,107.2,ranked
Matt Stover,2003,38,33,31.1,106.2,ranked
Matt Stover,2004,32,29,26.2,110.7,ranked
Matt Stover,2005,34,30,28.0,107.1,ranked
Matt Stover,2006,30,28,25.7,108.8,ranked
Matt Stover,2007,31,27,26.7,101.0,ranked
Matt Stover,2008,33,27,28.9,93.5,ranked
Matt Stover,2009,11,9,9.0,100.6,small_sample
Matthew Wright,2020,4,4,3.5,114.2,unranked
Matthew Wright,2021,24,21,20.6,102.0,ranked
Matthew Wright,2022,18,15,15.3,98.3,small_sample
Matthew Wright,2023,1,0,0.7,0.0,unranked
Matthew Wright,2024,16,15,14.2,105.6,small_sample
Matthew Wright,2025,5,5,4.4,112.6,unranked
Micah Knorr,2003,1,1,1.0,104.1,unranked
Michael Husted,2002,1,1,0.8,119.8,unranked
Michael Koenen,2005,2,1,1.0,98.8,unranked
Michael Koenen,2006,9,3,6.5,46.0,unranked
Michael Koenen,2007,2,0,0.9,0.0,unranked
Mike Badgley,2018,16,15,13.8,109.1,small_sample
Mike Badgley,2019,16,13,13.0,99.7,small_sample
Mike Badgley,2020,33,24,27.7,86.5,ranked
Mike Badgley,2021,22,18,18.9,95.2,ranked
Mike Badgley,2022,28,24,24.2,99.0,ranked
Mike Badgley,2023,4,4,3.6,110.1,unranked
Mike Badgley,2025,12,11,10.1,109.0,small_sample
Mike Hollis,2001,28,18,21.2,84.9,ranked
Mike Hollis,2002,33,25,24.9,100.4,ranked
Mike Nugent,2005,28,22,22.7,96.9,ranked
Mike Nugent,2006,27,24,22.3,107.6,ranked
Mike Nugent,2007,36,29,30.1,96.4,ranked
Mike Nugent,2008,1,0,0.9,0.0,unranked
Mike Nugent,2009,8,4,6.6,61.0,unranked
Mike Nugent,2010,19,15,15.4,97.2,small_sample
Mike Nugent,2011,38,33,32.3,102.3,ranked
Mike Nugent,2012,23,19,19.7,96.3,ranked
Mike Nugent,2013,22,18,18.5,97.5,ranked
Mike Nugent,2014,33,26,27.8,93.4,ranked
Mike Nugent,2015,28,23,23.3,98.5,ranked
Mike Nugent,2016,29,23,25.2,91.4,ranked
Mike Nugent,2017,13,11,11.0,99.6,small_sample
Mike Nugent,2018,6,6,5.1,117.0,unranked
Mike Nugent,2019,8,5,7.4,67.7,unranked
Mike Nugent,2020,8,7,7.2,96.9,unranked
Mike Scifres,2011,1,1,0.7,135.1,unranked
Mike Vanderjagt,2001,34,28,24.4,114.7,ranked
Mike Vanderjagt,2002,31,23,23.6,97.6,ranked
Mike Vanderjagt,2003,37,37,31.0,119.5,ranked
Mike Vanderjagt,2004,25,20,20.4,98.1,ranked
Mike Vanderjagt,2005,25,23,21.3,108.2,ranked
Mike Vanderjagt,2006,18,13,15.2,85.3,small_sample
Mitch Wishnowsky,2021,1,0,0.8,0.0,unranked
Mitch Wishnowsky,2024,1,1,1.0,103.1,unranked
Morten Andersen,2001,28,23,21.3,108.1,ranked
Morten Andersen,2002,26,22,20.3,108.4,ranked
Morten Andersen,2003,20,16,15.6,102.8,ranked
Morten Andersen,2004,22,18,18.7,96.1,ranked
Morten Andersen,2006,23,20,19.1,104.6,ranked
Morten Andersen,2007,28,25,24.6,101.5,ranked
Nate Freese,2014,7,3,5.9,50.4,unranked
Nate Kaeding,2004,25,20,20.6,97.3,ranked
Nate Kaeding,2005,24,21,19.4,108.3,ranked
Nate Kaeding,2006,29,26,24.0,108.1,ranked
Nate Kaeding,2007,27,24,22.7,105.5,ranked
Nate Kaeding,2008,32,27,28.3,95.4,ranked
Nate Kaeding,2009,35,32,29.8,107.5,ranked
Nate Kaeding,2010,28,23,22.4,102.7,ranked
Nate Kaeding,2012,10,8,8.7,91.9,small_sample
Neil Rackers,2001,28,17,21.5,79.1,ranked
Neil Rackers,2002,18,15,13.8,108.5,small_sample
Neil Rackers,2003,12,9,10.2,88.3,small_sample
Neil Rackers,2004,29,22,21.3,103.1,ranked
Neil Rackers,2005,42,40,32.6,122.9,ranked
Neil Rackers,2006,37,28,28.8,97.1,ranked
Neil Rackers,2007,30,21,22.5,93.1,ranked
Neil Rackers,2008,28,25,23.8,105.1,ranked
Neil Rackers,2009,17,16,14.0,114.4,small_sample
Neil Rackers,2010,30,27,24.8,109.0,ranked
Neil Rackers,2011,38,32,32.3,99.1,ranked
Nick Folk,2007,31,26,25.2,103.1,ranked
Nick Folk,2008,22,20,17.7,113.2,ranked
Nick Folk,2009,28,18,22.5,80.0,ranked
Nick Folk,2010,39,30,32.5,92.3,ranked
Nick Folk,2011,25,19,19.7,96.7,ranked
Nick Folk,2012,27,21,22.9,91.5,ranked
Nick Folk,2013,36,33,31.4,105.2,ranked
Nick Folk,2014,39,32,32.8,97.5,ranked
Nick Folk,2015,16,13,13.5,96.5,small_sample
Nick Folk,2016,31,27,27.4,98.7,ranked
Nick Folk,2017,11,6,9.1,66.2,small_sample
Nick Folk,2019,17,14,14.2,98.3,small_sample
Nick Folk,2020,28,26,23.9,108.6,ranked
Nick Folk,2021,39,36,33.1,108.9,ranked
Nick Folk,2022,37,32,31.9,100.2,ranked
Nick Folk,2023,30,29,26.3,110.3,ranked
Nick Folk,2024,22,21,18.0,116.8,ranked
Nick Folk,2025,29,28,24.8,113.0,ranked
Nick Novak,2005,10,8,8.6,92.6,small_sample
Nick Novak,2006,10,5,7.9,63.0,small_sample
Nick Novak,2008,10,6,8.5,70.3,small_sample
Nick Novak,2011,34,27,27.8,97.3,ranked
Nick Novak,2012,20,18,16.9,106.7,ranked
Nick Novak,2013,37,34,33.0,103.1,ranked
Nick Novak,2014,26,22,22.1,99.4,ranked
Nick Novak,2015,21,18,17.9,100.7,ranked
Nick Novak,2016,41,35,34.9,100.3,ranked
Nick Novak,2017,13,9,11.2,80.3,small_sample
Nick Rose,2017,14,11,12.3,89.3,small_sample
Nick Sciba,2022,2,2,1.9,105.5,unranked
Ola Kimrin,2004,10,6,8.1,74.1,small_sample
Olindo Mare,2001,21,19,17.7,107.6,ranked
Olindo Mare,2002,31,24,24.3,98.7,ranked
Olindo Mare,2003,29,22,22.2,98.9,ranked
Olindo Mare,2004,16,12,12.3,97.5,small_sample
Olindo Mare,2005,30,25,25.1,99.8,ranked
Olindo Mare,2006,36,26,28.0,92.7,ranked
Olindo Mare,2007,17,10,12.9,77.7,small_sample
Olindo Mare,2008,27,24,23.0,104.5,ranked
Olindo Mare,2009,26,24,22.3,107.7,ranked
Olindo Mare,2010,30,25,25.9,96.5,ranked
Olindo Mare,2011,28,22,23.6,93.4,ranked
Olindo Mare,2012,8,6,7.2,83.7,unranked
Owen Pochman,2001,2,0,0.5,0.0,unranked
Owen Pochman,2003,15,8,11.6,69.2,small_sample
Patrick Murray,2014,24,20,19.3,103.4,ranked
Patrick Murray,2016,2,1,1.5,67.0,unranked
Patrick Murray,2017,23,19,19.3,98.6,ranked
Paul Edinger,2001,31,26,23.0,113.1,ranked
Paul Edinger,2002,28,22,19.3,113.7,ranked
Paul Edinger,2003,36,26,27.4,95.0,ranked
Paul Edinger,2004,24,15,18.9,79.5,ranked
Paul Edinger,2005,34,25,27.0,92.7,ranked
Phil Dawson,2001,25,22,20.7,106.3,ranked
Phil Dawson,2002,28,22,22.1,99.3,ranked
Phil Dawson,2003,21,18,17.4,103.7,ranked
Phil Dawson,2004,29,24,24.2,99.2,ranked
Phil Dawson,2005,29,27,25.4,106.2,ranked
Phil Dawson,2006,29,21,23.6,89.0,ranked
Phil Dawson,2007,30,26,25.6,101.5,ranked
Phil Dawson,2008,30,27,26.8,100.9,ranked
Phil Dawson,2009,19,17,15.9,107.1,small_sample
Phil Dawson,2010,28,23,23.5,97.9,ranked
Phil Dawson,2011,29,24,23.4,102.5,ranked
Phil Dawson,2012,31,29,25.9,112.1,ranked
Phil Dawson,2013,36,32,31.0,103.4,ranked
Phil Dawson,2014,31,25,24.4,102.4,ranked
Phil Dawson,2015,27,24,23.5,102.3,ranked
Phil Dawson,2016,21,18,17.7,101.8,ranked
Phil Dawson,2017,40,32,33.7,94.9,ranked
Phil Dawson,2018,8,5,6.8,73.7,unranked
Randy Bullock,2013,35,26,29.9,87.1,ranked
Randy Bullock,2014,35,30,29.7,101.1,ranked
Randy Bullock,2015,23,19,19.5,97.2,ranked
Randy Bullock,2016,9,8,8.1,98.9,unranked
Randy Bullock,2017,20,18,17.4,103.4,ranked
Randy Bullock,2018,23,19,19.3,98.6,ranked
Randy Bullock,2019,31,27,25.6,105.3,ranked
Randy Bullock,2020,26,21,22.0,95.7,ranked
Randy Bullock,2021,31,26,26.9,96.7,ranked
Randy Bullock,2022,20,17,17.3,98.1,ranked
Randy Bullock,2023,6,5,5.0,100.6,unranked
Rian Lindell,2001,32,20,22.9,87.3,ranked
Rian Lindell,2002,29,23,23.0,99.9,ranked
Rian Lindell,2003,24,17,19.9,85.5,ranked
Rian Lindell,2004,28,24,24.6,97.5,ranked
Rian Lindell,2005,32,26,26.8,97.0,ranked
Rian Lindell,2006,25,23,20.2,113.8,ranked
Rian Lindell,2007,27,24,22.6,106.1,ranked
Rian Lindell,2008,38,30,31.9,94.2,ranked
Rian Lindell,2009,33,28,27.3,102.5,ranked
Rian Lindell,2010,21,16,16.7,96.0,ranked
Rian Lindell,2011,15,13,12.8,101.4,small_sample
Rian Lindell,2012,24,21,20.6,102.2,ranked
Rian Lindell,2013,29,23,24.6,93.5,ranked
Richie Cunningham,2002,1,1,0.9,106.2,unranked
Ricky Schmitt,2009,3,2,2.6,75.8,unranked
Riley Patterson,2021,14,13,12.3,105.4,small_sample
Riley Patterson,2022,35,30,30.5,98.4,ranked
Riley Patterson,2023,18,16,16.3,98.0,small_sample
Riley Patterson,2024,7,4,5.8,69.4,unranked
Riley Patterson,2025,29,27,25.4,106.5,ranked
Rob Bironas,2005,29,23,23.0,99.9,ranked
Rob Bironas,2006,28,22,23.4,94.2,ranked
Rob Bironas,2007,34,31,29.7,104.3,ranked
Rob Bironas,2008,33,29,27.0,107.6,ranked
Rob Bironas,2009,32,27,24.5,110.4,ranked
Rob Bironas,2010,26,24,20.9,115.1,ranked
Rob Bironas,2011,32,29,25.1,115.7,ranked
Rob Bironas,2012,31,25,26.6,93.9,ranked
Rob Bironas,2013,29,25,25.7,97.3,ranked
Robbie Gould,2005,27,21,22.8,92.0,ranked
Robbie Gould,2006,36,32,29.7,107.7,ranked
Robbie Gould,2007,36,31,29.8,104.2,ranked
Robbie Gould,2008,29,26,24.8,104.9,ranked
Robbie Gould,2009,28,24,22.6,106.0,ranked
Robbie Gould,2010,30,25,25.0,100.2,ranked
Robbie Gould,2011,32,28,26.3,106.6,ranked
Robbie Gould,2012,25,21,21.4,97.9,ranked
Robbie Gould,2013,29,26,25.2,103.1,ranked
Robbie Gould,2014,12,9,10.3,87.1,small_sample
Robbie Gould,2015,39,33,32.9,100.2,ranked
Robbie Gould,2016,10,10,8.8,113.2,small_sample
Robbie Gould,2017,41,39,34.4,113.4,ranked
Robbie Gould,2018,34,33,30.0,109.9,ranked
Robbie Gould,2019,31,23,26.0,88.3,ranked
Robbie Gould,2020,23,19,19.2,99.0,ranked
Robbie Gould,2021,23,20,19.3,103.4,ranked
Robbie Gould,2022,32,27,28.5,94.7,ranked
Roberto Aguayo,2016,31,22,27.1,81.1,ranked
Rodrigo Blankenship,2020,37,32,32.6,98.3,ranked
Rodrigo Blankenship,2021,14,11,12.0,91.5,small_sample
Rodrigo Blankenship,2022,5,4,4.3,93.8,unranked
Ryan Fitzgerald,2025,29,24,25.3,94.7,ranked
Ryan Longwell,2001,31,20,22.3,89.8,ranked
Ryan Longwell,2002,34,28,27.2,103.0,ranked
Ryan Longwell,2003,26,23,20.7,111.4,ranked
Ryan Longwell,2004,28,24,22.6,106.2,ranked
Ryan Longwell,2005,27,20,21.3,93.9,ranked
Ryan Longwell,2006,25,21,20.9,100.5,ranked
Ryan Longwell,2007,24,20,18.3,109.4,ranked
Ryan Longwell,2008,34,29,28.6,101.4,ranked
Ryan Longwell,2009,28,26,23.3,111.4,ranked
Ryan Longwell,2010,18,17,16.1,105.5,small_sample
Ryan Longwell,2011,28,22,23.1,95.2,ranked
Ryan Santoso,2021,5,4,4.7,85.4,unranked
Ryan Succop,2009,29,25,23.3,107.2,ranked
Ryan Succop,2010,26,20,21.3,94.1,ranked
Ryan Succop,2011,30,24,24.7,97.1,ranked
Ryan Succop,2012,34,28,29.1,96.4,ranked
Ryan Succop,2013,28,22,24.2,90.8,ranked
Ryan Succop,2014,22,19,18.6,102.0,ranked
Ryan Succop,2015,16,14,13.1,107.2,small_sample
Ryan Succop,2016,24,22,19.6,112.2,ranked
Ryan Succop,2017,42,35,35.2,99.4,ranked
Ryan Succop,2018,30,26,26.1,99.7,ranked
Ryan Succop,2019,6,1,4.4,23.0,unranked
Ryan Succop,2020,31,28,27.6,101.6,ranked
Ryan Succop,2021,30,25,26.8,93.3,ranked
Ryan Succop,2022,38,31,32.7,94.9,ranked
Sam Ficken,2017,3,2,2.8,71.0,unranked
Sam Ficken,2018,3,1,2.7,37.2,unranked
Sam Ficken,2019,27,19,20.6,92.1,ranked
Sam Ficken,2020,15,13,13.2,98.6,small_sample
Sam Sloman,2020,13,10,11.5,86.6,small_sample
Sebastian Janikowski,2001,28,23,21.6,106.6,ranked
Sebastian Janikowski,2002,33,26,25.8,100.8,ranked
Sebastian Janikowski,2003,22,21,17.7,118.9,ranked
Sebastian Janikowski,2004,28,25,22.7,110.3,ranked
Sebastian Janikowski,2005,30,20,23.3,85.7,ranked
Sebastian Janikowski,2006,25,18,18.8,95.9,ranked
Sebastian Janikowski,2007,32,23,22.1,104.0,ranked
Sebastian Janikowski,2008,30,24,25.0,96.1,ranked
Sebastian Janikowski,2009,29,26,20.6,126.1,ranked
Sebastian Janikowski,2010,41,33,32.8,100.6,ranked
Sebastian Janikowski,2011,35,31,26.8,115.6,ranked
Sebastian Janikowski,2012,34,31,27.7,111.9,ranked
Sebastian Janikowski,2013,30,21,25.2,83.4,ranked
Sebastian Janikowski,2014,22,19,17.3,109.5,ranked
Sebastian Janikowski,2015,26,21,21.9,96.0,ranked
Sebastian Janikowski,2016,35,29,28.6,101.6,ranked
Sebastian Janikowski,2018,27,22,22.4,98.1,ranked
Sergio Castillo,2020,13,8,11.0,72.7,small_sample
Seth Marler,2003,33,20,26.5,75.4,ranked
Shane Andrus,2009,1,0,0.7,0.0,unranked
Shane Andrus,2010,4,2,3.5,57.8,unranked
Shaun Suisham,2005,4,3,3.6,84.0,unranked
Shaun Suisham,2006,11,9,8.6,104.4,small_sample
Shaun Suisham,2007,33,28,28.2,99.2,ranked
Shaun Suisham,2008,32,25,26.8,93.3,ranked
Shaun Suisham,2009,24,20,20.4,97.8,ranked
Shaun Suisham,2010,15,14,12.3,114.0,small_sample
Shaun Suisham,2011,31,23,26.1,88.0,ranked
Shaun Suisham,2012,31,28,26.3,106.3,ranked
Shaun Suisham,2013,32,30,28.9,103.8,ranked
Shaun Suisham,2014,32,29,27.7,104.6,ranked
Shayne Graham,2001,8,6,6.2,97.1,unranked
Shayne Graham,2002,18,13,13.4,97.2,small_sample
Shayne Graham,2003,25,22,19.6,112.0,ranked
Shayne Graham,2004,31,27,24.7,109.4,ranked
Shayne Graham,2005,32,28,26.8,104.5,ranked
Shayne Graham,2006,30,25,24.1,103.8,ranked
Shayne Graham,2007,34,31,29.9,103.9,ranked
Shayne Graham,2008,24,21,20.3,103.3,ranked
Shayne Graham,2009,28,23,23.3,98.5,ranked
Shayne Graham,2010,12,12,10.9,109.8,small_sample
Shayne Graham,2011,7,6,6.1,98.8,unranked
Shayne Graham,2012,38,31,31.3,98.9,ranked
Shayne Graham,2013,2,2,1.8,110.8,unranked
Shayne Graham,2014,22,19,19.1,99.5,ranked
Shayne Graham,2015,13,11,10.7,102.3,small_sample
Spencer Shrader,2024,5,5,4.4,113.2,unranked
Spencer Shrader,2025,14,13,12.6,102.8,small_sample
Stephen Gostkowski,2006,26,20,22.5,89.0,ranked
Stephen Gostkowski,2007,24,21,21.4,98.2,ranked
Stephen Gostkowski,2008,39,35,34.2,102.3,ranked
Stephen Gostkowski,2009,31,26,25.1,103.6,ranked
Stephen Gostkowski,2010,13,10,10.9,91.9,small_sample
Stephen Gostkowski,2011,33,28,28.2,99.3,ranked
Stephen Gostkowski,2012,35,29,30.1,96.4,ranked
Stephen Gostkowski,2013,41,38,35.4,107.4,ranked
Stephen Gostkowski,2014,37,35,32.3,108.3,ranked
Stephen Gostkowski,2015,36,33,30.1,109.5,ranked
Stephen Gostkowski,2016,32,27,27.2,99.2,ranked
Stephen Gostkowski,2017,40,37,34.6,107.0,ranked
Stephen Gostkowski,2018,32,27,28.1,96.2,ranked
Stephen Gostkowski,2019,8,7,7.1,98.3,unranked
Stephen Gostkowski,2020,26,18,20.9,86.1,ranked
Steve Christie,2001,11,9,9.2,97.5,small_sample
Steve Christie,2002,26,18,19.9,90.5,ranked
Steve Christie,2003,20,15,15.6,95.9,ranked
Steve Christie,2004,28,22,22.7,97.0,ranked
Steven Hauschka,2008,2,1,1.4,73.7,unranked
Steven Hauschka,2009,13,9,10.5,86.0,small_sample
Steven Hauschka,2010,7,6,5.8,103.3,unranked
Steven Hauschka,2011,30,25,24.5,101.9,ranked
Steven Hauschka,2012,27,24,22.9,104.8,ranked
Steven Hauschka,2013,35,33,30.8,107.0,ranked
Steven Hauschka,2014,37,31,31.3,98.9,ranked
Steven Hauschka,2015,31,29,26.2,110.7,ranked
Steven Hauschka,2016,37,33,33.0,99.9,ranked
Steven Hauschka,2017,33,29,27.1,106.9,ranked
Steven Hauschka,2018,28,22,22.6,97.2,ranked
Steven Hauschka,2019,28,22,22.1,99.5,ranked
Steven Hauschka,2020,2,0,1.8,0.0,unranked
Taylor Bertolet,2022,3,3,2.9,102.6,unranked
Taylor Mehlhaff,2008,4,3,3.5,85.5,unranked
Taylor Russolino,2020,1,0,0.7,0.0,unranked
Tim Duncan,2003,10,6,7.6,78.5,small_sample
Tim Seder,2001,17,11,13.1,83.9,small_sample
Tim Seder,2002,12,8,9.4,85.5,small_sample
Todd France,2005,9,7,7.5,93.1,unranked
Todd Peterson,2001,35,27,27.2,99.4,ranked
Todd Peterson,2002,21,12,16.6,72.3,ranked
Todd Peterson,2003,15,12,12.5,96.0,small_sample
Todd Peterson,2004,22,18,17.1,105.1,ranked
Todd Peterson,2005,25,23,21.8,105.7,ranked
Todd Sauerbrun,2004,1,1,0.8,122.9,unranked
Travis Coons,2015,32,28,28.3,99.0,ranked
Travis Coons,2017,8,7,7.3,96.1,unranked
Tristan Vizcaino,2020,3,3,2.7,112.5,unranked
Tristan Vizcaino,2021,7,6,6.4,93.9,unranked
Tristan Vizcaino,2022,2,2,1.7,116.0,unranked
Ty Long,2019,9,7,6.9,101.5,unranked
Tyler Bass,2020,34,28,28.7,97.6,ranked
Tyler Bass,2021,32,28,28.9,96.9,ranked
Tyler Bass,2022,31,27,26.8,100.6,ranked
Tyler Bass,2023,29,24,25.2,95.4,ranked
Tyler Bass,2024,29,24,24.3,98.9,ranked
Tyler Loop,2025,34,30,30.4,98.6,ranked
Wade Richey,2001,32,21,26.0,80.9,ranked
Wade Richey,2003,2,1,1.0,97.4,unranked
Wes Welker,2004,1,1,1.0,103.7,unranked
Wil Lutz,2016,34,28,27.9,100.3,ranked
Wil Lutz,2017,36,31,30.3,102.2,ranked
Wil Lutz,2018,30,28,25.5,109.9,ranked
Wil Lutz,2019,36,32,29.0,110.5,ranked
Wil Lutz,2020,28,23,24.3,94.6,ranked
Wil Lutz,2022,31,23,26.0,88.5,ranked
Wil Lutz,2023,34,30,30.6,98.2,ranked
Wil Lutz,2024,34,31,28.2,110.0,ranked
Wil Lutz,2025,32,28,28.5,98.4,ranked
Will Reichard,2024,30,24,24.8,96.8,ranked
Will Reichard,2025,35,33,29.1,113.4,ranked
Younghoe Koo,2017,6,3,5.1,58.4,unranked
Younghoe Koo,2019,26,23,22.0,104.3,ranked
Younghoe Koo,2020,39,37,33.3,111.0,ranked
Younghoe Koo,2021,29,27,25.1,107.6,ranked
Younghoe Koo,2022,37,32,30.7,104.2,ranked
Younghoe Koo,2023,37,32,32.2,99.4,ranked
Younghoe Koo,2024,34,25,28.3,88.2,ranked
Younghoe Koo,2025,9,6,7.8,77.2,unranked
Zach Hocker,2015,14,10,12.2,82.1,small_sample
Zane Gonzalez,2017,20,15,16.9,88.6,ranked
Zane Gonzalez,2018,14,9,11.0,81.6,small_sample
Zane Gonzalez,2019,35,31,30.6,101.5,ranked
Zane Gonzalez,2020,22,16,18.2,88.0,ranked
Zane Gonzalez,2021,22,20,18.0,111.1,ranked
Zane Gonzalez,2024,7,5,5.5,90.9,unranked
Zane Gonzalez,2025,22,19,17.8,107.0,ranked
